-- phpMyAdmin SQL Dump
-- version 4.4.10
-- http://www.phpmyadmin.net
--
-- Host: localhost:3306
-- Generation Time: Nov 13, 2015 at 10:45 AM
-- Server version: 5.5.42
-- PHP Version: 5.6.10

SET FOREIGN_KEY_CHECKS=0;
SET SQL_MODE = "NO_AUTO_VALUE_ON_ZERO";
SET time_zone = "+00:00";


/*!40101 SET @OLD_CHARACTER_SET_CLIENT=@@CHARACTER_SET_CLIENT */;
/*!40101 SET @OLD_CHARACTER_SET_RESULTS=@@CHARACTER_SET_RESULTS */;
/*!40101 SET @OLD_COLLATION_CONNECTION=@@COLLATION_CONNECTION */;
/*!40101 SET NAMES utf8mb4 */;

--
-- Database: `internship`
--

-- --------------------------------------------------------

--
-- Table structure for table `courses`
--

CREATE TABLE `courses` (
  `id` int(3) NOT NULL,
  `title` varchar(50) NOT NULL,
  `label` varchar(20) NOT NULL,
  `description` blob,
  `status` int(2) NOT NULL
) ENGINE=InnoDB AUTO_INCREMENT=44 DEFAULT CHARSET=utf8;

--
-- Dumping data for table `courses`
--

INSERT INTO `courses` (`id`, `title`, `label`, `description`, `status`) VALUES
(32, 'HTML', 'Frontend', 0x3c703e3c7374726f6e673e487970657254657874204d61726b7570204c616e67756167653c2f7374726f6e673e2c20636f6d6d6f6e6c7920726566657272656420746f206173203c7374726f6e673e48544d4c3c2f7374726f6e673e2c20697320746865207374616e64617264206d61726b7570206c616e6775616765207573656420746f20637265617465207765622070616765732e266e6273703b3c2f703e0d0a3c703e266e6273703b3c2f703e0d0a3c6f6c3e0d0a3c6c693e486973746f7279203c656d3e28416e64726569293c2f656d3e3a266e6273703b3c6272202f3e3c6120687265663d22687474703a2f2f7777772e617070736c69636b2e636f6d2f77702d636f6e74656e742f75706c6f6164732f323031332f30332f68746d6c352d696e666f67726170686963732e6a7067223e687474703a2f2f7777772e617070736c69636b2e636f6d2f77702d636f6e74656e742f75706c6f6164732f323031332f30332f68746d6c352d696e666f67726170686963732e6a70673c6272202f3e3c6272202f3e3c2f613e3c2f6c693e0d0a3c6c693e446f63756d656e74204f75746c696e65203c656d3e28416e64726569293c2f656d3e3a3c6272202f3e3c6120687265663d22687474703a2f2f68746d6c35646f63746f722e636f6d2f6f75746c696e65732f223e687474703a2f2f68746d6c35646f63746f722e636f6d2f6f75746c696e65732f3c2f613e3c6272202f3e3c6120687265663d22687474703a2f2f7777772e64657369676e736372697074696e672e636f6d2f77702d636f6e74656e742f75706c6f6164732f323031322f30392f68746d6c352d706167652d7374727563747572652e706e67223e687474703a2f2f7777772e64657369676e736372697074696e672e636f6d2f77702d636f6e74656e742f75706c6f6164732f323031322f30392f68746d6c352d706167652d7374727563747572652e706e673c2f613e3c6272202f3e3c6120687265663d22687474703a2f2f7777772e736d617368696e676d6167617a696e652e636f6d2f323031332f30312f31382f7468652d696d706f7274616e63652d6f662d73656374696f6e732f223e687474703a2f2f7777772e736d617368696e676d6167617a696e652e636f6d2f323031332f30312f31382f7468652d696d706f7274616e63652d6f662d73656374696f6e732f3c2f613e3c6272202f3e3c6120687265663d22687474703a2f2f68746d6c35646f63746f722e636f6d2f646f776e6c6f6164732f6835642d73656374696f6e696e672d666c6f7763686172742e706466223e687474703a2f2f68746d6c35646f63746f722e636f6d2f646f776e6c6f6164732f6835642d73656374696f6e696e672d666c6f7763686172742e7064663c2f613e3c6272202f3e3c6272202f3e546f6f6c3a203c6120687265663d22687474703a2f2f686f796f69732e6769746875622e696f2f68746d6c356f75746c696e65722f223e687474703a2f2f686f796f69732e6769746875622e696f2f68746d6c356f75746c696e65722f3c6272202f3e3c6272202f3e3c2f613e3c2f6c693e0d0a3c6c693e446973706c6179207479706573203c656d3e28416e64726569293c2f656d3e3a266e6273703b3c6272202f3e3c6120687265663d2268747470733a2f2f646576656c6f7065722e6d6f7a696c6c612e6f72672f656e2d55532f646f63732f5765622f48544d4c2f496e6c696e655f656c656d656e7465223e68747470733a2f2f646576656c6f7065722e6d6f7a696c6c612e6f72672f656e2d55532f646f63732f5765622f48544d4c2f496e6c696e655f656c656d656e74653c2f613e3c6272202f3e3c6120687265663d2268747470733a2f2f646576656c6f7065722e6d6f7a696c6c612e6f72672f656e2d55532f646f63732f5765622f48544d4c2f426c6f636b2d6c6576656c5f656c656d656e7473223e68747470733a2f2f646576656c6f7065722e6d6f7a696c6c612e6f72672f656e2d55532f646f63732f5765622f48544d4c2f426c6f636b2d6c6576656c5f656c656d656e74733c6272202f3e3c6272202f3e3c2f613e3c2f6c693e0d0a3c6c693e53656d616e74696320656c656d656e7473203c656d3e2852617a76616e293c2f656d3e3a3c6272202f3e3c6120687265663d22687474703a2f2f68746d6c35646f63746f722e636f6d2f61727469636c652d617263686976652f223e687474703a2f2f68746d6c35646f63746f722e636f6d2f61727469636c652d617263686976652f3c6272202f3e3c6272202f3e3c2f613e3c2f6c693e0d0a3c6c693e5461626c6573203c656d3e2852617a76616e293c2f656d3e3a3c6272202f3e3c6120687265663d2268747470733a2f2f6373732d747269636b732e636f6d2f636f6d706c6574652d67756964652d7461626c652d656c656d656e742f223e68747470733a2f2f6373732d747269636b732e636f6d2f636f6d706c6574652d67756964652d7461626c652d656c656d656e742f3c2f613e266e6273703b3c6272202f3e3c6120687265663d22687474703a2f2f6c6561726e2e73686179686f77652e636f6d2f68746d6c2d6373732f6f7267616e697a696e672d646174612d776974682d7461626c65732f223e687474703a2f2f6c6561726e2e73686179686f77652e636f6d2f68746d6c2d6373732f6f7267616e697a696e672d646174612d776974682d7461626c65732f3c2f613e266e6273703b3c6272202f3e3c6272202f3e3c2f6c693e0d0a3c6c693e466f726d73203c656d3e2852617a76616e293c2f656d3e3a3c6272202f3e3c6120687265663d22687474703a2f2f6c6561726e2e73686179686f77652e636f6d2f68746d6c2d6373732f6f7267616e697a696e672d646174612d776974682d7461626c65732f223e687474703a2f2f6c6561726e2e73686179686f77652e636f6d2f68746d6c2d6373732f6f7267616e697a696e672d646174612d776974682d7461626c65732f3c2f613e266e6273703b3c6272202f3e3c6120687265663d2268747470733a2f2f646576656c6f7065722e6d6f7a696c6c612e6f72672f656e2d55532f646f63732f5765622f47756964652f48544d4c2f466f726d732f486f775f746f5f7374727563747572655f616e5f48544d4c5f666f726d223e68747470733a2f2f646576656c6f7065722e6d6f7a696c6c612e6f72672f656e2d55532f646f63732f5765622f47756964652f48544d4c2f466f726d732f486f775f746f5f7374727563747572655f616e5f48544d4c5f666f726d3c2f613e266e6273703b3c6272202f3e3c6120687265663d22687474703a2f2f6c6561726e2e73686179686f77652e636f6d2f68746d6c2d6373732f6275696c64696e672d666f726d732f223e687474703a2f2f6c6561726e2e73686179686f77652e636f6d2f68746d6c2d6373732f6275696c64696e672d666f726d732f3c2f613e3c6272202f3e3c6272202f3e3c2f6c693e0d0a3c6c693e4163636573736962696c697479203c656d3e28416e64726569293c2f656d3e3a3c6272202f3e3c6120687265663d22687474703a2f2f77656261696d2e6f72672f7374616e64617264732f3530382f353038636865636b6c6973742e706466223e687474703a2f2f77656261696d2e6f72672f7374616e64617264732f3530382f353038636865636b6c6973742e7064663c2f613e266e6273703b3c6272202f3e3c6120687265663d22687474703a2f2f61636865636b65722e63612f636865636b65722f696e6465782e706870223e687474703a2f2f61636865636b65722e63612f636865636b65722f696e6465782e7068703c2f613e266e6273703b3c6272202f3e3c6120687265663d22687474703a2f2f6b68616e2e6769746875622e696f2f746f74613131792f223e687474703a2f2f6b68616e2e6769746875622e696f2f746f74613131792f3c2f613e3c6272202f3e3c6272202f3e3c2f6c693e0d0a3c6c693e56616c69646174696f6e203c656d3e28416e64726569293a3c2f656d3e266e6273703b266e6273703b3c6272202f3e3c6120687265663d22687474703a2f2f76616c696461746f722e77332e6f72672f223e687474703a2f2f76616c696461746f722e77332e6f72672f3c2f613e266e6273703b3c6272202f3e3c6120687265663d22687474703a2f2f6a69677361772e77332e6f72672f6373732d76616c696461746f722f223e687474703a2f2f6a69677361772e77332e6f72672f6373732d76616c696461746f722f3c2f613e266e6273703b3c6272202f3e3c6120687265663d2268747470733a2f2f67736e6564646572732e68746d6c352e6f72672f6f75746c696e65722f223e68747470733a2f2f67736e6564646572732e68746d6c352e6f72672f6f75746c696e65722f3c2f613e266e6273703b3c6272202f3e3c6272202f3e3c2f6c693e0d0a3c6c693e526573736f7572636573203a266e6273703b3c6272202f3e3c6120687265663d22687474703a2f2f7777772e696e697469616c697a722e636f6d2f223e687474703a2f2f7777772e696e697469616c697a722e636f6d2f3c2f613e266e6273703b3c6272202f3e3c6120687265663d22687474703a2f2f75736162696c6974796765656b2e636f6d2f31302d667265652d73637265656e2d7265616465722d626c696e642d76697375616c6c792d696d7061697265642d75736572732f223e687474703a2f2f75736162696c6974796765656b2e636f6d2f31302d667265652d73637265656e2d7265616465722d626c696e642d76697375616c6c792d696d7061697265642d75736572732f3c2f613e266e6273703b3c2f6c693e0d0a3c2f6f6c3e0d0a3c703e266e6273703b3c2f703e0d0a3c703e266e6273703b3c2f703e, 1),
(33, 'CSS', 'Frontend', 0x3c703e3c7374726f6e673e435353266e6273703b3c2f7374726f6e673e7374616e647320666f7220436173636164696e67205374796c652053686565747320616e642069742064657363726962657320686f772048544d4c20656c656d656e74732061726520746f20626520646973706c61796564206f6e2073637265656e2c2070617065722c206f7220696e206f74686572206d656469612e3c2f703e0d0a3c703e266e6273703b3c2f703e0d0a3c6f6c3e0d0a3c6c693e5370656369666963697479203c656d3e28426f6764616e293c2f656d3e3a3c6272202f3e3c6120687265663d22687474703a2f2f7777772e736d617368696e676d6167617a696e652e636f6d2f323030372f30372f32372f6373732d73706563696669636974792d7468696e67732d796f752d73686f756c642d6b6e6f772f223e687474703a2f2f7777772e736d617368696e676d6167617a696e652e636f6d2f323030372f30372f32372f6373732d73706563696669636974792d7468696e67732d796f752d73686f756c642d6b6e6f772f3c2f613e266e6273703b3c6272202f3e3c6120687265663d22687474703a2f2f73706563696669636974792e6b656567616e2e73742f223e687474703a2f2f73706563696669636974792e6b656567616e2e73742f3c2f613e3c6272202f3e3c6272202f3e3c2f6c693e0d0a3c6c693e5265736574732f4e6f726d616c697a6572203c656d3e28426f6764616e293c2f656d3e3a3c6272202f3e3c6120687265663d22687474703a2f2f6d657965727765622e636f6d2f657269632f746f6f6c732f6373732f72657365742f223e687474703a2f2f6d657965727765622e636f6d2f657269632f746f6f6c732f6373732f72657365742f3c2f613e266e6273703b3c6272202f3e3c6120687265663d2268747470733a2f2f6e65636f6c61732e6769746875622e696f2f6e6f726d616c697a652e6373732f223e68747470733a2f2f6e65636f6c61732e6769746875622e696f2f6e6f726d616c697a652e6373732f3c2f613e266e6273703b3c6272202f3e3c6272202f3e3c2f6c693e0d0a3c6c693e426f782d6d6f64656c202f20636f6e74656e742d626f78202f20626f726465722d626f78202870616464696e672c20626f726465722c206d617267696e2c206f75746c696e6529203c656d3e28426f6764616e293c2f656d3e3a3c6272202f3e3c6120687265663d22687474703a2f2f6373732d747269636b732e636f6d2f7468652d6373732d626f782d6d6f64656c2f223e687474703a2f2f6373732d747269636b732e636f6d2f7468652d6373732d626f782d6d6f64656c2f3c2f613e266e6273703b3c6272202f3e3c6120687265663d22687474703a2f2f717569726b736d6f64652e6f72672f6373732f757365722d696e746572666163652f626f7873697a696e672e68746d6c223e687474703a2f2f717569726b736d6f64652e6f72672f6373732f757365722d696e746572666163652f626f7873697a696e672e68746d6c3c2f613e266e6273703b3c6272202f3e3c6120687265663d2268747470733a2f2f6373732d747269636b732e636f6d2f626f782d73697a696e672f223e68747470733a2f2f6373732d747269636b732e636f6d2f626f782d73697a696e672f3c2f613e3c6272202f3e3c6272202f3e3c2f6c693e0d0a3c6c693e466c6f6174732c20636c65617220666c6f617473203c656d3e28426f6764616e29203a3c6272202f3e3c2f656d3e3c6120687265663d2268747470733a2f2f6373732d747269636b732e636f6d2f616c6c2d61626f75742d666c6f6174732f223e68747470733a2f2f6373732d747269636b732e636f6d2f616c6c2d61626f75742d666c6f6174732f3c2f613e266e6273703b3c6272202f3e3c6120687265663d2268747470733a2f2f6373732d747269636b732e636f6d2f616c6d616e61632f70726f706572746965732f632f636c6561722f223e68747470733a2f2f6373732d747269636b732e636f6d2f616c6d616e61632f70726f706572746965732f632f636c6561722f3c2f613e266e6273703b3c6272202f3e3c6120687265663d22687474703a2f2f7068726f677a2e6e65742f6373732f756e6465727374616e64696e67666c6f6174732e68746d6c223e687474703a2f2f7068726f677a2e6e65742f6373732f756e6465727374616e64696e67666c6f6174732e68746d6c3c2f613e266e6273703b3c6272202f3e3c6120687265663d22687474703a2f2f737461636b6f766572666c6f772e636f6d2f7175657374696f6e732f3231313338332f77686963682d6d6574686f642d6f662d636c6561726669782d69732d626573742f313633333137302331363333313730223e687474703a2f2f737461636b6f766572666c6f772e636f6d2f7175657374696f6e732f3231313338332f77686963682d6d6574686f642d6f662d636c6561726669782d69732d626573742f3136333331373023313633333137303c2f613e266e6273703b3c6272202f3e3c6272202f3e3c2f6c693e0d0a3c6c693e506f736974696f6e696e67203c656d3e28426f6764616e293c2f656d3e3a3c6272202f3e3c6120687265663d2268747470733a2f2f6373732d747269636b732e636f6d2f6162736f6c7574652d72656c61746976652d66697865642d706f736974696f696e696e672d686f772d646f2d746865792d6469666665722f223e68747470733a2f2f6373732d747269636b732e636f6d2f6162736f6c7574652d72656c61746976652d66697865642d706f736974696f696e696e672d686f772d646f2d746865792d6469666665722f3c6272202f3e3c6272202f3e3c2f613e3c2f6c693e0d0a3c6c693e4c61796f75742028426f6764616e293a3c6272202f3e3c6120687265663d22687474703a2f2f6c6561726e6c61796f75742e636f6d2f223e687474703a2f2f6c6561726e6c61796f75742e636f6d2f3c2f613e266e6273703b3c6272202f3e3c6120687265663d22687474703a2f2f6373736c61796f757467656e657261746f722e636f6d2f223e687474703a2f2f6373736c61796f757467656e657261746f722e636f6d2f3c2f613e266e6273703b3c6272202f3e3c6272202f3e3c2f6c693e0d0a3c6c693e546578743a20616c69676e2c207374796c696e672c20666f6e74732c206f766572666c6f772c20696e64656e74203c656d3e28426f6764616e293c2f656d3e3a266e6273703b3c6272202f3e3c6120687265663d22687474703a2f2f7777772e6373736261736963732e636f6d2f6373732d746578742d70726f706572746965732f223e687474703a2f2f7777772e6373736261736963732e636f6d2f6373732d746578742d70726f706572746965732f3c2f613e266e6273703b3c6272202f3e3c6120687265663d22687474703a2f2f7777772e6373736261736963732e636f6d2f6373732d666f6e742d70726f706572746965732f223e687474703a2f2f7777772e6373736261736963732e636f6d2f6373732d666f6e742d70726f706572746965732f3c2f613e266e6273703b3c6272202f3e3c6120687265663d2268747470733a2f2f6373732d747269636b732e636f6d2f736e6970706574732f6373732f7573696e672d666f6e742d666163652f223e68747470733a2f2f6373732d747269636b732e636f6d2f736e6970706574732f6373732f7573696e672d666f6e742d666163652f3c2f613e266e6273703b3c6272202f3e3c6272202f3e3c2f6c693e0d0a3c6c693e436f6c6f72733a20737472696e672c20686578612c2072676261203c656d3e28426f6764616e293c2f656d3e3a266e6273703b3c6272202f3e3c6120687265663d2268747470733a2f2f646576656c6f7065722e6d6f7a696c6c612e6f72672f656e2d55532f646f63732f5765622f4353532f636f6c6f72223e68747470733a2f2f646576656c6f7065722e6d6f7a696c6c612e6f72672f656e2d55532f646f63732f5765622f4353532f636f6c6f723c2f613e266e6273703b3c6272202f3e3c6120687265663d2268747470733a2f2f636f6c6f722e61646f62652e636f6d2f6578706c6f72652f6e65776573742f223e68747470733a2f2f636f6c6f722e61646f62652e636f6d2f6578706c6f72652f6e65776573742f3c2f613e3c6272202f3e3c6272202f3e3c2f6c693e0d0a3c6c693e546578742d736861646f772c20626f782d736861646f77203c656d3e28426f6764616e29266e6273703b3c6272202f3e3c2f656d3e3c2f6c693e0d0a3c6c693e436f6c6c617073696e67206d617267696e203c656d3e28426f6764616e293c2f656d3e3a266e6273703b3c6272202f3e3c6120687265663d2268747470733a2f2f646576656c6f7065722e6d6f7a696c6c612e6f72672f656e2d55532f646f63732f5765622f4353532f4353535f426f785f4d6f64656c2f4d6173746572696e675f6d617267696e5f636f6c6c617073696e67223e68747470733a2f2f646576656c6f7065722e6d6f7a696c6c612e6f72672f656e2d55532f646f63732f5765622f4353532f4353535f426f785f4d6f64656c2f4d6173746572696e675f6d617267696e5f636f6c6c617073696e673c2f613e266e6273703b3c6272202f3e3c6272202f3e3c2f6c693e0d0a3c6c693e50736575646f20636c61737365732026616d703b20656c656d656e7473203c656d3e2852617a76616e293c2f656d3e3a266e6273703b3c6272202f3e3c6120687265663d22687474703a2f2f7777772e73697465706f696e742e636f6d2f7765622d666f756e646174696f6e732f70736575646f2d636c61737365732f223e687474703a2f2f7777772e73697465706f696e742e636f6d2f7765622d666f756e646174696f6e732f70736575646f2d636c61737365732f3c2f613e266e6273703b3c6272202f3e3c6120687265663d22687474703a2f2f7777772e73697465706f696e742e636f6d2f7765622d666f756e646174696f6e732f637373332d70736575646f2d636c61737365732f223e687474703a2f2f7777772e73697465706f696e742e636f6d2f7765622d666f756e646174696f6e732f637373332d70736575646f2d636c61737365732f3c2f613e266e6273703b3c6272202f3e3c6120687265663d2268747470733a2f2f6373732d747269636b732e636f6d2f6578616d706c65732f6e74682d6368696c642d7465737465722f223e68747470733a2f2f6373732d747269636b732e636f6d2f6578616d706c65732f6e74682d6368696c642d7465737465722f3c2f613e266e6273703b3c6272202f3e3c6272202f3e3c2f6c693e0d0a3c6c693e4353532070726570726f6365736f72733a20534153532c204c455353203c656d3e2852617a76616e293c2f656d3e3a3c6272202f3e3c6120687265663d22687474703a2f2f7777772e73697465706f696e742e636f6d2f362d63757272656e742d6f7074696f6e732d6373732d70726570726f636573736f72732f223e687474703a2f2f7777772e73697465706f696e742e636f6d2f362d63757272656e742d6f7074696f6e732d6373732d70726570726f636573736f72732f3c2f613e266e6273703b3c6272202f3e3c6272202f3e3c2f6c693e0d0a3c6c693e435353204672616d65776f726b733a20426f6f7473747261702c20466f756e646174696f6e2c2050757265637373203c656d3e2852617a76616e293c2f656d3e3a266e6273703b3c6272202f3e3c6120687265663d22687474703a2f2f676574626f6f7473747261702e636f6d2f223e687474703a2f2f676574626f6f7473747261702e636f6d2f3c2f613e266e6273703b3c6272202f3e3c6120687265663d22687474703a2f2f666f756e646174696f6e2e7a7572622e636f6d2f223e687474703a2f2f666f756e646174696f6e2e7a7572622e636f6d2f3c2f613e266e6273703b3c6272202f3e3c6272202f3e3c2f6c693e0d0a3c6c693e526573736f7572636573203a266e6273703b3c6272202f3e4d65617375726549742026616d703b20436f6c6f727a696c6c61202d20506c7567696e2046697265666f782026616d703b204368726f6d65266e6273703b3c2f6c693e0d0a3c2f6f6c3e, 1),
(34, 'Adobe Photoshop', 'Frontend', 0x3c703e3c7374726f6e673e41646f62652050686f746f73686f703c2f7374726f6e673e20697320612072617374657220677261706869637320656469746f7220646576656c6f70656420616e64207075626c69736865642062792041646f62652053797374656d7320666f722057696e646f777320616e64204f5320582e3c2f703e0d0a3c703e266e6273703b3c2f703e0d0a3c6f6c3e0d0a3c6c693e496d616765207479706573203a266e6273703b3c6272202f3e3c6120687265663d22687474703a2f2f7777772e77656264657369676e626f782e726f2f6465637570617265612d73692d73616c76617265612d696d6167696e696c6f722d70656e7472752d776562223e687474703a2f2f7777772e77656264657369676e626f782e726f2f6465637570617265612d73692d73616c76617265612d696d6167696e696c6f722d70656e7472752d7765623c2f613e266e6273703b3c6272202f3e3c6272202f3e3c2f6c693e0d0a3c6c693e536c69636520746f6f6c3c2f6c693e0d0a3c6c693e496d61676520737072697465733a20637373206261636b67726f756e64733c6272202f3e3c6120687265663d2268747470733a2f2f6373732d747269636b732e636f6d2f6373732d737072697465732f223e68747470733a2f2f6373732d747269636b732e636f6d2f6373732d737072697465732f3c2f613e266e6273703b3c6272202f3e3c6272202f3e3c2f6c693e0d0a3c6c693e535647266e6273703b3c6272202f3e3c6120687265663d2268747470733a2f2f6373732d747269636b732e636f6d2f7573696e672d7376672f223e68747470733a2f2f6373732d747269636b732e636f6d2f7573696e672d7376672f3c2f613e266e6273703b3c6272202f3e3c6120687265663d22687474703a2f2f7777772e77337363686f6f6c732e636f6d2f7376672f64656661756c742e617370223e687474703a2f2f7777772e77337363686f6f6c732e636f6d2f7376672f64656661756c742e6173703c2f613e266e6273703b3c2f6c693e0d0a3c2f6f6c3e0d0a3c703e266e6273703b3c2f703e0d0a3c703e266e6273703b3c2f703e, 1),
(35, 'DOM, jQuery, Ajax', 'Frontend', 0x3c703e266e6273703b576974682074686520446f63756d656e74204f626a656374204d6f64656c2c2070726f6772616d6d6572732063616e206275696c6420646f63756d656e74732c206e61766967617465207468656972207374727563747572652c20616e64206164642c206d6f646966792c206f722064656c65746520656c656d656e747320616e6420636f6e74656e742e3c2f703e0d0a3c703e266e6273703b3c2f703e0d0a3c6f6c3e0d0a3c6c693e444f4d3c6272202f3e3c6120687265663d2268747470733a2f2f646576656c6f7065722e6d6f7a696c6c612e6f72672f656e2d55532f646f63732f5765622f4150492f446f63756d656e745f4f626a6563745f4d6f64656c2f496e74726f64756374696f6e223e68747470733a2f2f646576656c6f7065722e6d6f7a696c6c612e6f72672f656e2d55532f646f63732f5765622f4150492f446f63756d656e745f4f626a6563745f4d6f64656c2f496e74726f64756374696f6e3c2f613e3c6272202f3e3c6120687265663d2268747470733a2f2f647a6f6e652e636f6d2f61727469636c65732f72656e646572696e672d7765622d70616765223e68747470733a2f2f647a6f6e652e636f6d2f61727469636c65732f72656e646572696e672d7765622d706167653c2f613e3c6272202f3e3c6120687265663d22687474703a2f2f66726f6e74656e64626162656c2e696e666f2f61727469636c65732f776562706167652d72656e646572696e672d3130312f223e687474703a2f2f66726f6e74656e64626162656c2e696e666f2f61727469636c65732f776562706167652d72656e646572696e672d3130312f3c2f613e266e6273703b3c6272202f3e3c6272202f3e3c2f6c693e0d0a3c6c693e444f4d206d616e6970756c6174696f6e266e6273703b3c6272202f3e3c6120687265663d2268747470733a2f2f646576656c6f7065722e6d6f7a696c6c612e6f72672f656e2d55532f646f63732f5765622f4150492f476c6f62616c4576656e7448616e646c6572732f6f6e636c69636b223e68747470733a2f2f646576656c6f7065722e6d6f7a696c6c612e6f72672f656e2d55532f646f63732f5765622f4150492f476c6f62616c4576656e7448616e646c6572732f6f6e636c69636b3c2f613e266e6273703b3c6272202f3e3c6272202f3e3c2f6c693e0d0a3c6c693e4576656e742068616e646c696e672c20427562626c696e67202f2043617074757265266e6273703b3c6272202f3e3c6120687265663d22687474703a2f2f7777772e717569726b736d6f64652e6f72672f6a732f6576656e74735f6f726465722e68746d6c223e687474703a2f2f7777772e717569726b736d6f64652e6f72672f6a732f6576656e74735f6f726465722e68746d6c3c2f613e266e6273703b3c6272202f3e3c6120687265663d22687474703a2f2f7777772e717569726b736d6f64652e6f72672f6a732f6576656e74735f6d6f7573652e68746d6c223e687474703a2f2f7777772e717569726b736d6f64652e6f72672f6a732f6576656e74735f6d6f7573652e68746d6c3c2f613e266e6273703b3c6272202f3e3c6272202f3e3c2f6c693e0d0a3c6c693e6a51756572793a2073656c6563746f72732c20706c7567696e73266e6273703b3c6272202f3e3c6120687265663d22687474703a2f2f6c6561726e2e6a71756572792e636f6d2f223e687474703a2f2f6c6561726e2e6a71756572792e636f6d2f3c2f613e266e6273703b3c6272202f3e3c6120687265663d2268747470733a2f2f7777772e636f64657363686f6f6c2e636f6d2f636f75727365732f7472792d6a7175657279223e68747470733a2f2f7777772e636f64657363686f6f6c2e636f6d2f636f75727365732f7472792d6a71756572793c2f613e266e6273703b3c6272202f3e3c6120687265663d22687474703a2f2f7777772e696d7072657373697665776562732e636f6d2f6a71756572792d7475746f7269616c2d666f722d626567696e6e6572732f223e687474703a2f2f7777772e696d7072657373697665776562732e636f6d2f6a71756572792d7475746f7269616c2d666f722d626567696e6e6572732f3c2f613e266e6273703b266e6273703b3c6272202f3e3c6272202f3e3c6272202f3e3c2f6c693e0d0a3c6c693e5848522c2053616d652d4f726967696e20506f6c6963792c20434f5253266e6273703b3c6272202f3e3c6120687265663d22687474703a2f2f7777772e73697465706f696e742e636f6d2f7573652d6a7175657279732d616a61782d66756e6374696f6e2f223e687474703a2f2f7777772e73697465706f696e742e636f6d2f7573652d6a7175657279732d616a61782d66756e6374696f6e2f3c2f613e266e6273703b3c6272202f3e3c6120687265663d2268747470733a2f2f646576656c6f7065722e6d6f7a696c6c612e6f72672f656e2d55532f646f63732f5765622f53656375726974792f53616d652d6f726967696e5f706f6c696379223e68747470733a2f2f646576656c6f7065722e6d6f7a696c6c612e6f72672f656e2d55532f646f63732f5765622f53656375726974792f53616d652d6f726967696e5f706f6c6963793c2f613e266e6273703b3c6272202f3e3c6120687265663d2268747470733a2f2f646576656c6f7065722e6d6f7a696c6c612e6f72672f656e2d55532f646f63732f5765622f485454502f4163636573735f636f6e74726f6c5f434f5253223e68747470733a2f2f646576656c6f7065722e6d6f7a696c6c612e6f72672f656e2d55532f646f63732f5765622f485454502f4163636573735f636f6e74726f6c5f434f52533c2f613e266e6273703b3c6272202f3e3c6272202f3e3c2f6c693e0d0a3c6c693e48544d4c352041504973202b204d6f6465726e697a72266e6273703b3c6272202f3e3c6120687265663d22687474703a2f2f68746d6c35646f63746f722e636f6d2f63617465676f72792f6a6176617363726970742d617069732f223e687474703a2f2f68746d6c35646f63746f722e636f6d2f63617465676f72792f6a6176617363726970742d617069732f3c2f613e266e6273703b3c6272202f3e3c6120687265663d22687474703a2f2f68746d6c35696e6465782e6f72672f223e687474703a2f2f68746d6c35696e6465782e6f72672f3c2f613e266e6273703b3c6272202f3e3c6120687265663d2268747470733a2f2f6d6f6465726e697a722e636f6d2f223e68747470733a2f2f6d6f6465726e697a722e636f6d2f3c2f613e266e6273703b266e6273703b3c6272202f3e3c6272202f3e3c2f6c693e0d0a3c2f6f6c3e0d0a3c703e266e6273703b3c2f703e0d0a3c703e266e6273703b3c2f703e, 1),
(36, 'lala', 'Frontend', 0x3c703e6363633c2f703e, 0),
(37, 'ECMAScript', 'Frontend', 0x3c703e3c7374726f6e673e45434d41536372697074266e6273703b3c2f7374726f6e673e697320612074726164656d61726b20736372697074696e67206c616e67756167652073706563696669636174696f6e207374616e64617264697a65642062792045636d6120496e7465726e6174696f6e616c2e3c2f703e0d0a3c703e266e6273703b3c2f703e0d0a3c6f6c3e0d0a3c6c693e486973746f72793a204a532c2045532c20455335202b20737472696374206d6f64653c6272202f3e3c6120687265663d22687474703a2f2f736c696465732e636f6d2f7066656966666572616e647265692f6a6176617363726970742d676f696e672d76616e696c6c612d706172742d31232f223e687474703a2f2f736c696465732e636f6d2f7066656966666572616e647265692f6a6176617363726970742d676f696e672d76616e696c6c612d706172742d31232f3c2f613e266e6273703b3c6272202f3e3c6120687265663d2268747470733a2f2f7777772e796f75747562652e636f6d2f77617463683f763d524f31576e752d784b6f5926616d703b6c6973743d504c3736363433373932343641323436434226616d703b696e6465783d32223e68747470733a2f2f7777772e796f75747562652e636f6d2f77617463683f763d524f31576e752d784b6f5926616d703b6c6973743d504c3736363433373932343641323436434226616d703b696e6465783d323c2f613e3c6272202f3e3c6272202f3e3c2f6c693e0d0a3c6c693e5072696d6974697665732c20747970656f662c20747970652063617374696e672c2066616c7365792076616c756573203c6272202f3e3c6120687265663d2268747470733a2f2f7777772e636f64657363686f6f6c2e636f6d2f636f75727365732f6a6176617363726970742d726f61642d747269702d706172742d31223e68747470733a2f2f7777772e636f64657363686f6f6c2e636f6d2f636f75727365732f6a6176617363726970742d726f61642d747269702d706172742d313c2f613e266e6273703b3c6272202f3e3c6272202f3e3c2f6c693e0d0a3c6c693e4f626a656374732c204172726179732c204a534f4e266e6273703b3c2f6c693e0d0a3c6c693e46756e6374696f6e732c2043616c6c6261636b732c20486f697374696e672c2053636f70653c2f6c693e0d0a3c6c693e746869733c2f6c693e0d0a3c6c693e4f626a656374204c69746572616c732c20436f6e7374727563746f722026616d703b204d6f64756c65205061747465726e203c6272202f3e3c6120687265663d22687474703a2f2f616464796f736d616e692e636f6d2f7265736f75726365732f657373656e7469616c6a7364657369676e7061747465726e732f626f6f6b2f236d6f64756c657061747465726e6a617661736372697074223e687474703a2f2f616464796f736d616e692e636f6d2f7265736f75726365732f657373656e7469616c6a7364657369676e7061747465726e732f626f6f6b2f236d6f64756c657061747465726e6a6176617363726970743c2f613e266e6273703b3c6272202f3e3c6120687265663d22687474703a2f2f7777772e61646571756174656c79676f6f642e636f6d2f4a6176615363726970742d4d6f64756c652d5061747465726e2d496e2d44657074682e68746d6c223e687474703a2f2f7777772e61646571756174656c79676f6f642e636f6d2f4a6176615363726970742d4d6f64756c652d5061747465726e2d496e2d44657074682e68746d6c203c6272202f3e3c6272202f3e3c2f613e3c2f6c693e0d0a3c6c693e54656d706c61746520456e67696e65733c6272202f3e3c6120687265663d2268747470733a2f2f6769746875622e636f6d2f6a616e6c2f6d757374616368652e6a73223e68747470733a2f2f6769746875622e636f6d2f6a616e6c2f6d757374616368652e6a733c2f613e3c6272202f3e3c6120687265663d22687474703a2f2f6a7362696e2e636f6d2f6b6f74696b6f766f626f2f656469743f6a732c6f7574707574223e687474703a2f2f6a7362696e2e636f6d2f6b6f74696b6f766f626f2f656469743f6a732c6f75747075743c2f613e266e6273703b20266e6273703b20266e6273703b266e6273703b3c6272202f3e3c6272202f3e266e6273703b3c2f6c693e0d0a3c2f6f6c3e, 1),
(38, 'Coding principles & Best practices', 'Frontend, PHP', 0x3c703e436f64696e67207072696e6369706c65732068656c707320796f7520746f206d61696e7461696e20676f6f6420636f64696e6720707261637469636520616c6f6e67207769746820636f6e63726574652070726f6475637420646576656c6f706d656e742e3c2f703e0d0a3c703e447572696e67207468697320636f757273652077652077696c6c20666f637573206f6e2074686520666f6c6c6f77696e6720636f64696e67207072696369706c65733a3c2f703e0d0a3c703e266e6273703b3c2f703e0d0a3c6f6c3e0d0a3c6c693e4452592c204b4953532c205941474e492c20536f43266e6273703b3c6272202f3e3c6120687265663d22687474703a2f2f636f64652e74757473706c75732e636f6d2f7475746f7269616c732f332d6b65792d736f6674776172652d7072696e6369706c65732d796f752d6d7573742d756e6465727374616e642d2d6e65742d3235313631223e687474703a2f2f636f64652e74757473706c75732e636f6d2f7475746f7269616c732f332d6b65792d736f6674776172652d7072696e6369706c65732d796f752d6d7573742d756e6465727374616e642d2d6e65742d32353136313c2f613e266e6273703b3c6272202f3e3c6120687265663d22687474703a2f2f6173706972696e676372616674736d616e2e636f6d2f323030382f30312f30332f6172742d6f662d73657061726174696f6e2d6f662d636f6e6365726e732f223e687474703a2f2f6173706972696e676372616674736d616e2e636f6d2f323030382f30312f30332f6172742d6f662d73657061726174696f6e2d6f662d636f6e6365726e732f3c2f613e3c6272202f3e3c6120687265663d22687474703a2f2f656469746f72636f6e6669672e6f72672f223e687474703a2f2f656469746f72636f6e6669672e6f72672f3c2f613e266e6273703b3c6272202f3e3c6272202f3e3c2f6c693e0d0a3c6c693e4d56432c204d56564d266e6273703b3c6272202f3e3c6120687265663d22687474703a2f2f6c61726176656c2e636f6d2f223e687474703a2f2f6c61726176656c2e636f6d2f3c2f613e266e6273703b2028504850204d5643293c6272202f3e3c6120687265663d22687474703a2f2f7777772e636f646569676e697465722e636f6d2f223e687474703a2f2f7777772e636f646569676e697465722e636f6d2f3c2f613e266e6273703b28504850204d5643293c6272202f3e3c6120687265663d22687474703a2f2f6b6e6f636b6f75746a732e636f6d2f223e687474703a2f2f6b6e6f636b6f75746a732e636f6d2f3c2f613e266e6273703b284a53204d56564d293c6272202f3e3c6120687265663d2268747470733a2f2f616e67756c61726a732e6f72672f223e68747470733a2f2f616e67756c61726a732e6f72672f3c2f613e266e6273703b284a53204d5643293c6272202f3e3c6272202f3e3c2f6c693e0d0a3c6c693e556e6f6274727573697665204a533c6272202f3e3c6120687265663d22687474703a2f2f626c6f672e7465616d74726565686f7573652e636f6d2f756e6f62747275736976652d6a6176617363726970742d696d706f7274616e74223e687474703a2f2f626c6f672e7465616d74726565686f7573652e636f6d2f756e6f62747275736976652d6a6176617363726970742d696d706f7274616e743c2f613e266e6273703b3c6272202f3e3c6272202f3e3c2f6c693e0d0a3c6c693e477261636566756c206465677261646174696f6e2026616d703b2050726f677265737369766520456e68616e63656d656e743c6272202f3e3c6120687265663d22687474703a2f2f7777772e73697465706f696e742e636f6d2f70726f67726573736976652d656e68616e63656d656e742d677261636566756c2d6465677261646174696f6e2d6261736963732f223e687474703a2f2f7777772e73697465706f696e742e636f6d2f70726f67726573736976652d656e68616e63656d656e742d677261636566756c2d6465677261646174696f6e2d6261736963732f3c2f613e266e6273703b266e6273703b3c6272202f3e3c6272202f3e3c2f6c693e0d0a3c6c693e4e616d696e673a2071756572792076732e20636f6d6d616e64206d6574686f64732028636861696e696e67293c6272202f3e556e636c6520426f623a20436c65616e20436f64652c20457069736f646520323c6272202f3e3c6272202f3e3c2f6c693e0d0a3c6c693e4167696c652076732e20576174657266616c6c266e6273703b3c6272202f3e3c6120687265663d22687474703a2f2f7777772e6167696c656e75747368656c6c2e636f6d2f6167696c655f76735f776174657266616c6c223e687474703a2f2f7777772e6167696c656e75747368656c6c2e636f6d2f6167696c655f76735f776174657266616c6c3c2f613e266e6273703b3c6272202f3e3c6120687265663d2268747470733a2f2f626c6f672e7564656d792e636f6d2f6167696c652d76732d776174657266616c6c2f223e68747470733a2f2f626c6f672e7564656d792e636f6d2f6167696c652d76732d776174657266616c6c2f3c2f613e266e6273703b3c6272202f3e3c6272202f3e3c2f6c693e0d0a3c2f6f6c3e0d0a3c703e266e6273703b3c2f703e0d0a3c703e266e6273703b3c2f703e, 1),
(39, 'Variables, Data Types, Expressions, Operators', 'PHP', 0x3c703e3c7374726f6e673e5048503c2f7374726f6e673e2069732061207365727665722d7369646520736372697074696e67206c616e67756167652064657369676e656420666f722077656220646576656c6f706d656e742062757420616c736f207573656420617320612067656e6572616c2d707572706f73652070726f6772616d6d696e67206c616e67756167652e3c2f703e0d0a3c703e266e6273703b3c2f703e0d0a3c6f6c3e0d0a3c6c693e53796e7461782c20476c6f62616c732c20436f6e7374616e74732c204d6167696320636f6e7374616e74733c6272202f3e3c6120687265663d22687474703a2f2f7573332e7068702e6e65742f6d616e75616c2f656e2f6c616e67756167652e62617369632d73796e7461782e706870223e687474703a2f2f7573332e7068702e6e65742f6d616e75616c2f656e2f6c616e67756167652e62617369632d73796e7461782e7068703c2f613e266e6273703b3c6272202f3e3c6120687265663d22687474703a2f2f7573332e7068702e6e65742f6d616e75616c2f656e2f6c616e67756167652e7661726961626c65732e706870223e687474703a2f2f7573332e7068702e6e65742f6d616e75616c2f656e2f6c616e67756167652e7661726961626c65732e7068703c2f613e266e6273703b3c6272202f3e3c6120687265663d22687474703a2f2f7573332e7068702e6e65742f6d616e75616c2f656e2f6c616e67756167652e636f6e7374616e74732e706870223e687474703a2f2f7573332e7068702e6e65742f6d616e75616c2f656e2f6c616e67756167652e636f6e7374616e74732e7068703c2f613e266e6273703b3c6272202f3e3c6272202f3e3c2f6c693e0d0a3c6c693e4f70657261746f72732026616d703b207479706573206f66206f70657261746f7273266e6273703b3c6272202f3e3c6120687265663d22687474703a2f2f7573332e7068702e6e65742f6d616e75616c2f656e2f6c616e67756167652e6f70657261746f72732e706870223e687474703a2f2f7573332e7068702e6e65742f6d616e75616c2f656e2f6c616e67756167652e6f70657261746f72732e7068703c2f613e266e6273703b3c6272202f3e3c6272202f3e3c2f6c693e0d0a3c6c693e446174612054797065732c20504850204175746f6d61746963204461746120547970696e673c6272202f3e3c6120687265663d22687474703a2f2f7573332e7068702e6e65742f6d616e75616c2f656e2f6c616e67756167652e74797065732e706870223e687474703a2f2f7573332e7068702e6e65742f6d616e75616c2f656e2f6c616e67756167652e74797065732e7068703c2f613e266e6273703b3c6272202f3e3c6272202f3e3c2f6c693e0d0a3c6c693e446174612054797065204a7567676c696e67266e6273703b3c6272202f3e3c6120687265663d22687474703a2f2f7573332e7068702e6e65742f6d616e75616c2f656e2f6c616e67756167652e74797065732e747970652d6a7567676c696e672e706870223e687474703a2f2f7573332e7068702e6e65742f6d616e75616c2f656e2f6c616e67756167652e74797065732e747970652d6a7567676c696e672e7068703c2f613e266e6273703b3c6272202f3e3c6272202f3e3c2f6c693e0d0a3c6c693e436f6e74726f6c20737472756374757265733a266e6273703b3c6272202f3e3c6272202f3e666f723c6272202f3e666f72656163683c6272202f3e7768696c652c20646f202f207768696c653c6272202f3e7377697463683c6272202f3e7465726e6172793c2f6c693e0d0a3c2f6f6c3e, 1),
(40, 'Control structures & functions', 'PHP', 0x3c6f6c3e0d0a3c6c693e526567756c61722045787072657373696f6e73203c6272202f3e3c6120687265663d22687474703a2f2f7777772e7a79747261782e636f6d2f746563682f7765622f72656765782e68746d223e687474703a2f2f7777772e7a79747261782e636f6d2f746563682f7765622f72656765782e68746d3c2f613e266e6273703b3c6272202f3e3c6120687265663d22687474703a2f2f7777772e726567756c61722d65787072657373696f6e732e696e666f2f223e687474703a2f2f7777772e726567756c61722d65787072657373696f6e732e696e666f2f3c2f613e266e6273703b3c6272202f3e3c6272202f3e3c2f6c693e0d0a3c6c693e46756e6374696f6e732c2063616c6c6261636b733c6272202f3e3c6120687265663d2268747470733a2f2f7365637572652e7068702e6e65742f6d616e75616c2f656e2f6c616e67756167652e66756e6374696f6e732e706870223e68747470733a2f2f7365637572652e7068702e6e65742f6d616e75616c2f656e2f6c616e67756167652e66756e6374696f6e732e7068703c2f613e266e6273703b3c6272202f3e3c6272202f3e3c2f6c693e0d0a3c6c693e576f726b696e672077697468204e756d62657273266e6273703b3c6272202f3e3c6120687265663d22687474703a2f2f7068702e6e65742f6d616e75616c2f656e2f6c616e67756167652e74797065732e696e74656765722e706870223e687474703a2f2f7068702e6e65742f6d616e75616c2f656e2f6c616e67756167652e74797065732e696e74656765722e7068703c2f613e266e6273703b3c6272202f3e3c6120687265663d22687474703a2f2f7068702e6e65742f6d616e75616c2f656e2f6c616e67756167652e74797065732e666c6f61742e706870223e687474703a2f2f7068702e6e65742f6d616e75616c2f656e2f6c616e67756167652e74797065732e666c6f61742e7068703c2f613e266e6273703b3c6272202f3e3c6120687265663d22687474703a2f2f7068702e6e65742f6d616e75616c2f656e2f7265662e62632e706870223e687474703a2f2f7068702e6e65742f6d616e75616c2f656e2f7265662e62632e7068703c2f613e266e6273703b3c6272202f3e3c6272202f3e3c2f6c693e0d0a3c6c693e576f726b696e67207769746820417272617973266e6273703b3c6272202f3e3c6120687265663d22687474703a2f2f7068702e6e65742f6d616e75616c2f656e2f6c616e67756167652e74797065732e61727261792e706870223e687474703a2f2f7068702e6e65742f6d616e75616c2f656e2f6c616e67756167652e74797065732e61727261792e7068703c2f613e266e6273703b3c6272202f3e3c6120687265663d2268747470733a2f2f7777772e646576656c6f707068702e636f6d2f6c6973745f7068702e70687023576f726b696e675f776974685f4172726179735f696e5f504850223e68747470733a2f2f7777772e646576656c6f707068702e636f6d2f6c6973745f7068702e70687023576f726b696e675f776974685f4172726179735f696e5f5048503c2f613e3c6272202f3e3c6272202f3e3c2f6c693e0d0a3c6c693e576f726b696e67207769746820537472696e67733c6272202f3e3c6120687265663d22687474703a2f2f7068702e6e65742f6d616e75616c2f656e2f6c616e67756167652e74797065732e737472696e672e706870223e687474703a2f2f7068702e6e65742f6d616e75616c2f656e2f6c616e67756167652e74797065732e737472696e672e7068703c2f613e3c6272202f3e3c6120687265663d22687474703a2f2f7068702e6e65742f6d616e75616c2f656e2f7265662e737472696e67732e706870223e687474703a2f2f7068702e6e65742f6d616e75616c2f656e2f7265662e737472696e67732e7068703c2f613e266e6273703b3c6272202f3e3c6272202f3e3c6272202f3e3c2f6c693e0d0a3c2f6f6c3e0d0a3c703e266e6273703b3c2f703e0d0a3c703e266e6273703b3c2f703e0d0a3c703e266e6273703b3c2f703e0d0a3c703e266e6273703b3c2f703e, 1),
(41, 'Arrays, Strings, Numbers, Files', 'PHP', 0x3c6f6c3e0d0a3c6c693e536f7274696e6720656c656d656e747320286e756d626572732c20636861727320696e20737472696e672c2076616c75657320696e20617272617973293c6272202f3e3c6272202f3e3c2f6c693e0d0a3c6c693e4578657263697365733a3c6272202f3e3c6272202f3e46697a7a2042757a7a2047616d653c6272202f3e3c6120687265663d2268747470733a2f2f656e2e77696b6970656469612e6f72672f77696b692f46697a7a5f62757a7a223e68747470733a2f2f656e2e77696b6970656469612e6f72672f77696b692f46697a7a5f62757a7a3c2f613e3c6272202f3e3c6272202f3e496e73657274696f6e20536f72743c6272202f3e3c6120687265663d2268747470733a2f2f656e2e77696b6970656469612e6f72672f77696b692f496e73657274696f6e5f736f7274223e68747470733a2f2f656e2e77696b6970656469612e6f72672f77696b692f496e73657274696f6e5f736f72743c2f613e266e6273703b3c6272202f3e3c6272202f3e53656c656374696f6e20536f72743c6272202f3e3c6120687265663d2268747470733a2f2f656e2e77696b6970656469612e6f72672f77696b692f53656c656374696f6e5f736f7274223e68747470733a2f2f656e2e77696b6970656469612e6f72672f77696b692f53656c656374696f6e5f736f72743c2f613e3c6272202f3e3c6272202f3e5469632054616320546f653c6272202f3e3c6120687265663d2268747470733a2f2f656e2e77696b6970656469612e6f72672f77696b692f5469632d7461632d746f65223e68747470733a2f2f656e2e77696b6970656469612e6f72672f77696b692f5469632d7461632d746f653c2f613e3c6272202f3e3c6272202f3e452d6d61696c20526567697374726174696f6e202f20436f6e6669726d6174696f6e2053797374656d3c6272202f3e3c6120687265663d22687474703a2f2f796f756861636b2e6d652f323031302f30342f30312f6275696c64696e672d612d726567697374726174696f6e2d73797374656d2d776974682d656d61696c2d766572696669636174696f6e2d696e2d7068702f223e687474703a2f2f796f756861636b2e6d652f323031302f30342f30312f6275696c64696e672d612d726567697374726174696f6e2d73797374656d2d776974682d656d61696c2d766572696669636174696f6e2d696e2d7068702f3c2f613e266e6273703b3c6272202f3e3c6272202f3e3c2f6c693e0d0a3c6c693e576f726b696e6720776974682066696c65733c6272202f3e3c6272202f3e55706c6f6164696e672066696c65733c6272202f3e3c6120687265663d22687474703a2f2f7777772e77337363686f6f6c732e636f6d2f7068702f7068705f66696c655f75706c6f61642e617370223e687474703a2f2f7777772e77337363686f6f6c732e636f6d2f7068702f7068705f66696c655f75706c6f61642e6173703c2f613e266e6273703b3c6272202f3e3c6272202f3e4f70656e696e6720616e642072656164696e67202f2077726974696e6720746f2066696c65733c6272202f3e3c6120687265663d22687474703a2f2f7068702e6e65742f6d616e75616c2f656e2f66756e6374696f6e2e66696c652e706870223e687474703a2f2f7068702e6e65742f6d616e75616c2f656e2f66756e6374696f6e2e66696c652e7068703c2f613e266e6273703b3c6272202f3e3c6272202f3e4d6f76696e672066696c65733c2f6c693e0d0a3c2f6f6c3e0d0a3c703e266e6273703b3c2f703e0d0a3c703e266e6273703b3c2f703e, 1),
(42, 'SQL/ MySQL', 'PHP', 0x3c703e3c7374726f6e673e53747275637475726564205175657279204c616e67756167653c2f7374726f6e673e266e6273703b69732061207370656369616c2d707572706f73652070726f6772616d6d696e67206c616e6775616765266e6273703b64657369676e656420666f72206d616e6167696e6720646174612068656c6420696e20612072656c6174696f6e616c206461746162617365206d616e6167656d656e742073797374656d2c206f7220666f722073747265616d2070726f63657373696e6720696e20612072656c6174696f6e616c20646174612073747265616d206d616e6167656d656e742073797374656d2e266e6273703b3c6272202f3e5468697320636f75727365206973207374727563747572656420696e2074686520666f6c6c6f77696e67206f726465723a3c2f703e0d0a3c703e266e6273703b3c2f703e0d0a3c6f6c3e0d0a3c6c693e53514c393920696e74726f64756374696f6e3c6272202f3e3c6272202f3e3c2f6c693e0d0a3c6c693e4d7953514c2073796e7461782026616d703b206578616d706c65733c6272202f3e3c6120687265663d22687474703a2f2f7777772e70687074686572696768747761792e636f6d2f23646174616261736573223e687474703a2f2f7777772e70687074686572696768747761792e636f6d2f236461746162617365733c2f613e266e6273703b3c6272202f3e3c6272202f3e3c2f6c693e0d0a3c6c693e496e7374616c6c696e67202f20436f6e6e656374696e6720746f204d7953514c20766961205048503c6272202f3e3c6272202f3e3c2f6c693e0d0a3c6c693e53514c206162737472616374696f6e206c61796572733c6272202f3e3c6120687265663d22687474703a2f2f7777772e646f637472696e652d70726f6a6563742e6f72672f70726f6a656374732f6f726d2e68746d6c223e687474703a2f2f7777772e646f637472696e652d70726f6a6563742e6f72672f70726f6a656374732f6f726d2e68746d6c3c2f613e266e6273703b3c6272202f3e3c6272202f3e3c2f6c693e0d0a3c2f6f6c3e0d0a3c703e266e6273703b3c2f703e0d0a3c703e266e6273703b3c2f703e, 1),
(43, 'OOP', 'PHP', 0x3c703e4f626a6563742d6f7269656e7465642070726f6772616d6d696e6720284f4f502920697320612070726f6772616d6d696e67206c616e6775616765206d6f64656c206f7267616e697a65642061726f756e64206f626a65637473266e6273703b726174686572207468616e2022616374696f6e732220616e64206461746120726174686572207468616e206c6f6769632e3c2f703e0d0a3c703e266e6273703b3c2f703e0d0a3c6f6c3e0d0a3c6c693e50726f6365647572616c2076732e204f4f503c6272202f3e3c6120687265663d22687474703a2f2f7068702e6e65742f6d616e75616c2f656e2f6c616e67756167652e6f6f70352e706870223e687474703a2f2f7068702e6e65742f6d616e75616c2f656e2f6c616e67756167652e6f6f70352e7068703c2f613e266e6273703b3c6272202f3e3c6272202f3e3c2f6c693e0d0a3c6c693e4f626a656374732c20436c61737365732c204e616d657370616365733c6272202f3e3c6120687265663d22687474703a2f2f7573332e7068702e6e65742f6d616e75616c2f656e2f6c616e67756167652e6f6f70352e706870223e687474703a2f2f7573332e7068702e6e65742f6d616e75616c2f656e2f6c616e67756167652e6f6f70352e7068703c2f613e266e6273703b3c6272202f3e3c6272202f3e3c2f6c693e0d0a3c6c693e53504c203d205374616e6461726420504850204c6962726172793c6272202f3e3c6120687265663d22687474703a2f2f7573332e7068702e6e65742f6d616e75616c2f656e2f626f6f6b2e73706c2e706870223e687474703a2f2f7573332e7068702e6e65742f6d616e75616c2f656e2f626f6f6b2e73706c2e7068703c2f613e266e6273703b3c6272202f3e3c6120687265663d22687474703a2f2f7573332e7068702e6e65742f6d616e75616c2f656e2f626f6f6b2e73706c2d74797065732e706870223e687474703a2f2f7573332e7068702e6e65742f6d616e75616c2f656e2f626f6f6b2e73706c2d74797065732e7068703c2f613e266e6273703b3c6272202f3e3c6272202f3e3c2f6c693e0d0a3c6c693e44657369676e205061747465726e733c6272202f3e3c6120687265663d22687474703a2f2f7777772e70687074686572696768747761792e636f6d2f70616765732f44657369676e2d5061747465726e732e68746d6c223e687474703a2f2f7777772e70687074686572696768747761792e636f6d2f70616765732f44657369676e2d5061747465726e732e68746d6c3c2f613e266e6273703b3c6272202f3e3c6272202f3e3c6272202f3e3c2f6c693e0d0a3c6c693e457863657074696f6e73266e6273703b3c6272202f3e3c6120687265663d22687474703a2f2f7068702e6e65742f6d616e75616c2f656e2f6c616e67756167652e657863657074696f6e732e706870223e687474703a2f2f7068702e6e65742f6d616e75616c2f656e2f6c616e67756167652e657863657074696f6e732e7068703c2f613e266e6273703b266e6273703b3c2f6c693e0d0a3c2f6f6c3e0d0a3c703e266e6273703b3c2f703e0d0a3c703e266e6273703b3c2f703e0d0a3c703e266e6273703b3c2f703e0d0a3c703e266e6273703b3c2f703e0d0a3c703e266e6273703b3c2f703e0d0a3c703e266e6273703b3c2f703e0d0a3c703e266e6273703b3c2f703e, 1);

-- --------------------------------------------------------

--
-- Table structure for table `exercises`
--

CREATE TABLE `exercises` (
  `id` int(3) NOT NULL,
  `course_id` int(3) NOT NULL,
  `description` blob NOT NULL,
  `status` int(2) NOT NULL
) ENGINE=InnoDB AUTO_INCREMENT=15 DEFAULT CHARSET=utf8;

--
-- Dumping data for table `exercises`
--

INSERT INTO `exercises` (`id`, `course_id`, `description`, `status`) VALUES
(1, 35, 0x266c743b702667743b6161616161266c743b2f702667743b, 0),
(2, 37, 0x266c743b702667743b616161266c743b2f702667743b, 0),
(3, 36, 0x266c743b702667743b616161266c743b2f702667743b, 1),
(4, 38, 0x266c743b702667743b777777266c743b2f702667743b, 0),
(5, 32, 0x266c743b702667743b4f75746c696e653a266c743b2f702667743b0d0a266c743b702667743b266c743b6120687265663d2671756f743b687474703a2f2f616e6762726f776e2e636f6d2f696d616765732f6262736974652f4242736974652d776972656672616d652e6769662671756f743b2667743b687474703a2f2f616e6762726f776e2e636f6d2f696d616765732f6262736974652f4242736974652d776972656672616d652e676966266c743b2f612667743b266c743b2f702667743b, 1),
(6, 32, 0x266c743b702667743b5461626c65733a266c743b2f702667743b0d0a266c743b702667743b266c743b6120687265663d2671756f743b687474703a2f2f7777772e636f646570726f6a6563742e636f6d2f4b422f736372697074696e672f4a51756572792d446174615461626c65732f657870616e6461626c65446174615461626c65732d7461626c652e706e672671756f743b2667743b687474703a2f2f7777772e636f646570726f6a6563742e636f6d2f4b422f736372697074696e672f4a51756572792d446174615461626c65732f657870616e6461626c65446174615461626c65732d7461626c652e706e67266c743b2f612667743b266c743b2f702667743b0d0a266c743b702667743b266c743b6120687265663d2671756f743b687474703a2f2f7777772e6d72696e697469616c6d616e2e636f6d2f4c6962726172792f48544d4c2f50696374757265732f48544d4c2d5461626c65732f6578616d706c655f636f6d706c65785f7461626c655f7374796c65642e6a70672671756f743b2667743b687474703a2f2f7777772e6d72696e697469616c6d616e2e636f6d2f4c6962726172792f48544d4c2f50696374757265732f48544d4c2d5461626c65732f6578616d706c655f636f6d706c65785f7461626c655f7374796c65642e6a7067266c743b2f612667743b266c743b2f702667743b, 1),
(7, 32, 0x266c743b702667743b466f726d733a266c743b2f702667743b0d0a266c743b702667743b266c743b6120687265663d2671756f743b687474703a2f2f7465726d6c696665696e737572616e63656d616c65732e636f6d2f77702d636f6e74656e742f75706c6f6164732f323031312f30392f4765742d467265652d4c6966652d496e737572616e63652d51756f746573322e6a70672671756f743b2667743b687474703a2f2f7465726d6c696665696e737572616e63656d616c65732e636f6d2f77702d636f6e74656e742f75706c6f6164732f323031312f30392f4765742d467265652d4c6966652d496e737572616e63652d51756f746573322e6a7067266c743b2f612667743b266c743b2f702667743b0d0a266c743b702667743b266c743b6120687265663d2671756f743b687474703a2f2f626c6f672e6d676d2d74702e636f6d2f77702d636f6e74656e742f75706c6f6164732f323031302f30392f53616d706c652d58466f726d732e706e672671756f743b2667743b687474703a2f2f626c6f672e6d676d2d74702e636f6d2f77702d636f6e74656e742f75706c6f6164732f323031302f30392f53616d706c652d58466f726d732e706e67266c743b2f612667743b266c743b2f702667743b, 1),
(8, 33, 0x266c743b702667743b576972656672616d653a266c743b2f702667743b0d0a266c743b702667743b266c743b6120687265663d2671756f743b687474703a2f2f6e6574646e612e77656264657369676e65726465706f742e636f6d2f75706c6f6164732f776972656672616d65732f352e6a70672671756f743b2667743b687474703a2f2f6e6574646e612e77656264657369676e65726465706f742e636f6d2f75706c6f6164732f776972656672616d65732f352e6a7067266c743b2f612667743b26616d703b6e6273703b266c743b2f702667743b0d0a266c743b702667743b266c743b7370616e207374796c653d2671756f743b666f6e742d7765696768743a203430303b2671756f743b2667743b7469746c6573203a20466f6e74202d20526f626f746f266c743b2f7370616e2667743b266c743b7370616e207374796c653d2671756f743b666f6e742d7765696768743a203430303b2671756f743b2667743b266c743b6272202f2667743b266c743b2f7370616e2667743b266c743b7370616e207374796c653d2671756f743b666f6e742d7765696768743a203430303b2671756f743b2667743b626f6479203a20466f6e74202d204f70656e2053616e73266c743b2f7370616e2667743b266c743b2f702667743b, 1),
(9, 34, 0x266c743b702667743b266c743b7370616e207374796c653d2671756f743b666f6e742d7765696768743a203430303b2671756f743b2667743b44617368626f617264202d20736c6963652c207370726974652c206c61796f7574266c743b2f7370616e2667743b266c743b2f702667743b0d0a266c743b702667743b266c743b6120687265663d2671756f743b68747470733a2f2f64726976652e676f6f676c652e636f6d2f66696c652f642f3042363453705341632d5f7a3152545a4d656d314c6347565a5157732f766965772671756f743b2667743b68747470733a2f2f64726976652e676f6f676c652e636f6d2f66696c652f642f3042363453705341632d5f7a3152545a4d656d314c6347565a5157732f76696577266c743b2f612667743b266c743b2f702667743b, 1),
(10, 35, 0x266c743b702667743b266c743b7370616e207374796c653d2671756f743b666f6e742d7765696768743a203430303b2671756f743b2667743b4c6f616420696d616765207769746820416a61782c20616e6420646973706c617920697420696e2048544d4c266c743b2f7370616e2667743b266c743b2f702667743b, 1),
(11, 35, 0x266c743b702667743b46756c6c204352554420636c69656e7420696e74657266616365202820506f6c6c206d616e6167656d656e742029266c743b6272202f2667743b266c743b6120687265663d2671756f743b68747470733a2f2f7777772e64726f70626f782e636f6d2f732f726671696c6d37706b7464377167312f706f6c6c732e706e673f646c3d302671756f743b2667743b68747470733a2f2f7777772e64726f70626f782e636f6d2f732f726671696c6d37706b7464377167312f706f6c6c732e706e673f646c3d30266c743b2f612667743b266c743b2f702667743b, 1),
(12, 37, 0x266c743b702667743b526577726974652074686520506f6c6c204d616e6167656d656e74207573696e67206d6f64756c65207061747465726e202f206d757374616368652e6a73266c743b2f702667743b, 1),
(13, 37, 0x266c743b702667743b266c743b6120687265663d2671756f743b687474703a2f2f6a73726f626f742e746b2f2671756f743b2667743b687474703a2f2f6a73726f626f742e746b2f266c743b2f612667743b266c743b2f702667743b, 1),
(14, 43, 0x266c743b702667743b46696c65206d616e6970756c6174696f6e3a266c743b2f702667743b0d0a266c743b702667743b26616d703b6e6273703b266c743b2f702667743b0d0a266c743b6f6c2667743b0d0a266c743b6c692667743b5061727365206120666f6c646572207265637572736976656c79266c743b2f6c692667743b0d0a266c743b6c692667743b46696c746572206f75742066696c6573207769746820657874656e73696f6e266c743b2f6c692667743b0d0a266c743b6c692667743b46696c746572206f75742066696c65732077697468206e616d65207061747465726e282072656765782029202d202671756f743b616c66616e756d65726963202d20616c66616e756d657269632671756f743b266c743b2f6c692667743b0d0a266c743b6c692667743b4d6f76652066696c657320696e20666f6c6465722028206d617820352066696c65732029266c743b2f6c692667743b0d0a266c743b2f6f6c2667743b, 1);

-- --------------------------------------------------------

--
-- Table structure for table `presentors`
--

CREATE TABLE `presentors` (
  `id` int(3) NOT NULL,
  `course_id` int(3) NOT NULL,
  `presentor_id` int(3) unsigned NOT NULL
) ENGINE=InnoDB AUTO_INCREMENT=98 DEFAULT CHARSET=utf8;

--
-- Dumping data for table `presentors`
--

INSERT INTO `presentors` (`id`, `course_id`, `presentor_id`) VALUES
(60, 30, 1),
(62, 31, 18),
(72, 32, 17),
(82, 36, 17),
(84, 37, 17),
(85, 38, 17),
(86, 43, 21),
(87, 42, 18),
(88, 41, 24),
(89, 40, 25),
(90, 39, 23),
(93, 33, 19),
(94, 33, 20),
(95, 34, 20),
(96, 35, 19),
(97, 35, 20);

-- --------------------------------------------------------

--
-- Table structure for table `submitted_exercises`
--

CREATE TABLE `submitted_exercises` (
  `id` int(3) NOT NULL,
  `exercise_id` int(3) NOT NULL,
  `mentor_id` int(3) unsigned DEFAULT NULL,
  `user_id` int(3) unsigned NOT NULL,
  `description` blob NOT NULL,
  `feedback` blob,
  `status` int(2) NOT NULL
) ENGINE=InnoDB AUTO_INCREMENT=15 DEFAULT CHARSET=utf8;

--
-- Dumping data for table `submitted_exercises`
--

INSERT INTO `submitted_exercises` (`id`, `exercise_id`, `mentor_id`, `user_id`, `description`, `feedback`, `status`) VALUES
(12, 1, NULL, 14, 0x266c743b702667743b636363266c743b2f702667743b, 0x3c703e64612064613c2f703e, 2),
(13, 3, NULL, 14, 0x266c743b702667743b626262266c743b2f702667743b, NULL, 1),
(14, 1, NULL, 39, 0x266c743b702667743b6161616161266c743b2f702667743b, NULL, 1);

-- --------------------------------------------------------

--
-- Table structure for table `users`
--

CREATE TABLE `users` (
  `id` int(3) unsigned NOT NULL,
  `google_id` decimal(21,0) DEFAULT NULL,
  `first_name` varchar(20) NOT NULL,
  `last_name` varchar(20) NOT NULL,
  `username` varchar(20) DEFAULT NULL,
  `email` varchar(60) NOT NULL,
  `password` varchar(32) DEFAULT NULL,
  `user_role` int(1) NOT NULL,
  `profile_image` varchar(40) NOT NULL,
  `google_picture_link` varchar(200) DEFAULT NULL,
  `session_id` varchar(40) DEFAULT NULL,
  `status` int(1) NOT NULL,
  `reset_password` char(64) DEFAULT NULL,
  `google_link` varchar(60) DEFAULT NULL,
  `deletion_link_time` timestamp NULL DEFAULT NULL
) ENGINE=InnoDB AUTO_INCREMENT=41 DEFAULT CHARSET=utf8;

--
-- Dumping data for table `users`
--

INSERT INTO `users` (`id`, `google_id`, `first_name`, `last_name`, `username`, `email`, `password`, `user_role`, `profile_image`, `google_picture_link`, `session_id`, `status`, `reset_password`, `google_link`, `deletion_link_time`) VALUES
(1, NULL, 'admin', 'admin', 'admin', 'admin@admin.com', '21232f297a57a5a743894a0e4a801fc3', 1, '21232f297a57a5a743894a0e4a801fc3.png', NULL, '64610775581ba3268b9d4c09f4c9d99a', 1, NULL, NULL, NULL),
(14, NULL, 'Alex', 'Ungureanu', 'ualex', 'ungureanualex17@yahoo.com', '5f1c263ead9c8b960eefc0b5a9973f78', 3, '21232f297a57a5a743894a0e4a801fc3.png', NULL, NULL, 1, NULL, NULL, NULL),
(15, NULL, 'Andreea', 'Cristescu', 'candreea', 'andreea_laura_cristescu@yahoo.com', '5f1c263ead9c8b960eefc0b5a9973f78', 3, '21232f297a57a5a743894a0e4a801fc3.png', NULL, NULL, 1, NULL, NULL, NULL),
(16, NULL, 'Andrei', 'Csiki', 'candrei', 'andrei.g.csiki@gmail.com', '5f1c263ead9c8b960eefc0b5a9973f78', 3, '21232f297a57a5a743894a0e4a801fc3.png', NULL, NULL, 1, NULL, NULL, NULL),
(17, NULL, 'Andrei', 'Pfeiffer', 'pandrei', 'andrei.pfeiffer@e-spres-oh.com', 'e478b124e04049149dbcc58c81ef3ec3', 2, '21232f297a57a5a743894a0e4a801fc3.png', NULL, NULL, 1, NULL, NULL, NULL),
(18, NULL, 'Cristi', 'Sitov', 'scristi', 'cristian.sitov@e-spres-oh.com', 'e478b124e04049149dbcc58c81ef3ec3', 2, '21232f297a57a5a743894a0e4a801fc3.png', NULL, '39c93d13e95bcd9757b7b0ecb2e1f1a6', 1, NULL, NULL, NULL),
(19, NULL, 'Razvan', 'Stan', 'srazvan', 'razvan.stan@e-spres-oh.com', 'e478b124e04049149dbcc58c81ef3ec3', 2, '21232f297a57a5a743894a0e4a801fc3.png', NULL, NULL, 1, NULL, NULL, NULL),
(20, NULL, 'Bogdan', 'Dinga', 'dbogdan', 'bogdan.dinga@e-spres-oh.com', 'e478b124e04049149dbcc58c81ef3ec3', 2, '21232f297a57a5a743894a0e4a801fc3.png', NULL, NULL, 1, NULL, NULL, NULL),
(21, NULL, 'Claudiu', 'Vintila', 'vclaudiu', 'claudiu.vintila@e-spres-oh.com', 'e478b124e04049149dbcc58c81ef3ec3', 2, '21232f297a57a5a743894a0e4a801fc3.png', NULL, NULL, 1, NULL, NULL, NULL),
(23, NULL, 'Alecs', 'Popa', 'palecs', 'alecs.popa@e-spres-oh.com', 'e478b124e04049149dbcc58c81ef3ec3', 2, '21232f297a57a5a743894a0e4a801fc3.png', NULL, NULL, 1, NULL, NULL, NULL),
(24, NULL, 'Andrei', 'Laza', 'landrei', 'andrei.laza@e-spres-oh.com', 'e478b124e04049149dbcc58c81ef3ec3', 2, '21232f297a57a5a743894a0e4a801fc3.png', NULL, NULL, 1, NULL, NULL, NULL),
(25, NULL, 'Ciprian', 'Zaharie', 'zciprian', 'ciprian.zaharie@e-spres-oh.com', 'e478b124e04049149dbcc58c81ef3ec3', 2, '21232f297a57a5a743894a0e4a801fc3.png', NULL, NULL, 1, NULL, NULL, NULL),
(38, '100555706241983029415', 'Alex', 'Ungureanu', NULL, 'alex.ungureanu@e-spres-oh.com', NULL, 4, 'a08372b70196c21a9229cf04db6b7ceb.jpg', 'https://lh3.googleusercontent.com/-XdUIqdMkCWA/AAAAAAAAAAI/AAAAAAAAAAA/4252rscbv5M/photo.jpg', NULL, 0, NULL, NULL, NULL),
(39, '113577540606622954980', 'Kristine', 'Varga', NULL, 'v.kristine.c@gmail.com', NULL, 3, '1ee4b3dc1b2ca4a0fee356ff0485d0dd.jpg', 'https://lh3.googleusercontent.com/-NZiUp_jXFh8/AAAAAAAAAAI/AAAAAAAAACY/gGtu1DKXYOY/photo.jpg', NULL, 1, NULL, 'https://plus.google.com/113577540606622954980', NULL),
(40, '105962305925837104799', 'Alex', 'Ungureanu', NULL, 'lex.greenapple@gmail.com', NULL, 4, 'a08372b70196c21a9229cf04db6b7ceb.jpg', 'https://lh3.googleusercontent.com/-XdUIqdMkCWA/AAAAAAAAAAI/AAAAAAAAAAA/4252rscbv5M/photo.jpg', NULL, 0, NULL, 'https://plus.google.com/105962305925837104799', NULL);

-- --------------------------------------------------------

--
-- Table structure for table `users_privileges`
--

CREATE TABLE `users_privileges` (
  `privilege_id` int(3) NOT NULL,
  `privilege_no` int(1) NOT NULL,
  `privilege_name` varchar(20) NOT NULL
) ENGINE=InnoDB AUTO_INCREMENT=5 DEFAULT CHARSET=utf8;

--
-- Dumping data for table `users_privileges`
--

INSERT INTO `users_privileges` (`privilege_id`, `privilege_no`, `privilege_name`) VALUES
(1, 1, 'Admin'),
(2, 2, 'Mentor'),
(3, 3, 'Intern'),
(4, 4, 'Pending');

--
-- Indexes for dumped tables
--

--
-- Indexes for table `courses`
--
ALTER TABLE `courses`
  ADD PRIMARY KEY (`id`);

--
-- Indexes for table `exercises`
--
ALTER TABLE `exercises`
  ADD PRIMARY KEY (`id`),
  ADD KEY `course_id` (`course_id`);

--
-- Indexes for table `presentors`
--
ALTER TABLE `presentors`
  ADD PRIMARY KEY (`id`),
  ADD KEY `course_id` (`course_id`),
  ADD KEY `presentor_id` (`presentor_id`),
  ADD KEY `presentor_id_2` (`presentor_id`);

--
-- Indexes for table `submitted_exercises`
--
ALTER TABLE `submitted_exercises`
  ADD PRIMARY KEY (`id`),
  ADD KEY `exercise_id` (`exercise_id`),
  ADD KEY `user_id` (`user_id`),
  ADD KEY `mentor_id` (`mentor_id`);

--
-- Indexes for table `users`
--
ALTER TABLE `users`
  ADD PRIMARY KEY (`id`),
  ADD KEY `username` (`username`),
  ADD KEY `email` (`email`),
  ADD KEY `user_privilege` (`user_role`),
  ADD KEY `resetPassword` (`reset_password`),
  ADD KEY `session_id` (`session_id`);

--
-- Indexes for table `users_privileges`
--
ALTER TABLE `users_privileges`
  ADD PRIMARY KEY (`privilege_id`);

--
-- AUTO_INCREMENT for dumped tables
--

--
-- AUTO_INCREMENT for table `courses`
--
ALTER TABLE `courses`
  MODIFY `id` int(3) NOT NULL AUTO_INCREMENT,AUTO_INCREMENT=44;
--
-- AUTO_INCREMENT for table `exercises`
--
ALTER TABLE `exercises`
  MODIFY `id` int(3) NOT NULL AUTO_INCREMENT,AUTO_INCREMENT=15;
--
-- AUTO_INCREMENT for table `presentors`
--
ALTER TABLE `presentors`
  MODIFY `id` int(3) NOT NULL AUTO_INCREMENT,AUTO_INCREMENT=98;
--
-- AUTO_INCREMENT for table `submitted_exercises`
--
ALTER TABLE `submitted_exercises`
  MODIFY `id` int(3) NOT NULL AUTO_INCREMENT,AUTO_INCREMENT=15;
--
-- AUTO_INCREMENT for table `users`
--
ALTER TABLE `users`
  MODIFY `id` int(3) unsigned NOT NULL AUTO_INCREMENT,AUTO_INCREMENT=41;
--
-- AUTO_INCREMENT for table `users_privileges`
--
ALTER TABLE `users_privileges`
  MODIFY `privilege_id` int(3) NOT NULL AUTO_INCREMENT,AUTO_INCREMENT=5;
--
-- Constraints for dumped tables
--

--
-- Constraints for table `exercises`
--
ALTER TABLE `exercises`
  ADD CONSTRAINT `exercise_course_id_FK` FOREIGN KEY (`course_id`) REFERENCES `courses` (`id`);

--
-- Constraints for table `presentors`
--
ALTER TABLE `presentors`
  ADD CONSTRAINT `course_id_FK` FOREIGN KEY (`course_id`) REFERENCES `courses` (`id`),
  ADD CONSTRAINT `presentor_id_FK` FOREIGN KEY (`presentor_id`) REFERENCES `users` (`id`);

--
-- Constraints for table `submitted_exercises`
--
ALTER TABLE `submitted_exercises`
  ADD CONSTRAINT `mentor_id_FK` FOREIGN KEY (`mentor_id`) REFERENCES `users` (`id`),
  ADD CONSTRAINT `exercise_id_FK` FOREIGN KEY (`exercise_id`) REFERENCES `exercises` (`id`),
  ADD CONSTRAINT `user_id_FK` FOREIGN KEY (`user_id`) REFERENCES `users` (`id`);

--
-- Constraints for table `users`
--
ALTER TABLE `users`
  ADD CONSTRAINT `user_privilege_FK` FOREIGN KEY (`user_role`) REFERENCES `users_privileges` (`privilege_id`);
SET FOREIGN_KEY_CHECKS=1;

/*!40101 SET CHARACTER_SET_CLIENT=@OLD_CHARACTER_SET_CLIENT */;
/*!40101 SET CHARACTER_SET_RESULTS=@OLD_CHARACTER_SET_RESULTS */;
/*!40101 SET COLLATION_CONNECTION=@OLD_COLLATION_CONNECTION */;
