-- phpMyAdmin SQL Dump
-- version 4.4.10
-- http://www.phpmyadmin.net
--
-- Host: localhost:3306
-- Generation Time: Oct 05, 2015 at 03:51 PM
-- Server version: 5.5.42
-- PHP Version: 5.6.10

SET SQL_MODE = "NO_AUTO_VALUE_ON_ZERO";
SET time_zone = "+00:00";


/*!40101 SET @OLD_CHARACTER_SET_CLIENT=@@CHARACTER_SET_CLIENT */;
/*!40101 SET @OLD_CHARACTER_SET_RESULTS=@@CHARACTER_SET_RESULTS */;
/*!40101 SET @OLD_COLLATION_CONNECTION=@@COLLATION_CONNECTION */;
/*!40101 SET NAMES utf8mb4 */;

--
-- Database: `internship`
--

-- --------------------------------------------------------

--
-- Table structure for table `courses`
--

CREATE TABLE `courses` (
  `id` int(3) NOT NULL,
  `title` varchar(50) NOT NULL,
  `label` varchar(20) NOT NULL,
  `description` blob,
  `status` int(2) NOT NULL
) ENGINE=InnoDB AUTO_INCREMENT=30 DEFAULT CHARSET=utf8;

--
-- Dumping data for table `courses`
--

INSERT INTO `courses` (`id`, `title`, `label`, `description`, `status`) VALUES
(29, 'HTML', 'Frontend', 0x3c703e3c7374726f6e673e487970657254657874204d61726b7570204c616e67756167653c2f7374726f6e673e2c20636f6d6d6f6e6c7920726566666572656420746f206173203c7374726f6e673e48544d4c2c3c2f7374726f6e673e20697320746865207374616e64617264206d61726b7570206c616e6775616765207573656420746f20637265617465207765622070616765732e205765722062726f77736572732063616e20726561642048544d4c2066696c657320616e642072656e646572207468656d20696e746f2076697369626c65206f722061756469626c65207765622070616765732e3c2f703e0d0a3c703e266e6273703b3c2f703e0d0a3c703e312e20486973746f7279203c656d3e28416e64726569293c2f656d3e3c2f703e0d0a3c703e266e6273703b20266e6273703b203c6120687265663d22687474703a2f2f7777772e617070736c69636b2e636f6d2f77702d636f6e74656e742f75706c6f6164732f323031332f30332f68746d6c352d696e666f67726170686963732e6a7067223e687474703a2f2f7777772e617070736c69636b2e636f6d2f77702d636f6e74656e742f75706c6f6164732f323031332f30332f68746d6c352d696e666f67726170686963732e6a70673c2f613e3c2f703e0d0a3c703e266e6273703b3c2f703e0d0a3c703e322e20446f63756d656e74204f75746c696e65203c656d3e28416e64726569293c2f656d3e3c2f703e0d0a3c703e3c656d3e266e6273703b20266e6273703b203c2f656d3e3c6120687265663d22687474703a2f2f68746d6c35646f63746f722e636f6d2f6f75746c696e65732f223e687474703a2f2f68746d6c35646f63746f722e636f6d2f6f75746c696e65732f3c2f613e3c2f703e0d0a3c703e266e6273703b20266e6273703b203c6120687265663d22687474703a2f2f7777772e64657369676e736372697074696e672e636f6d2f77702d636f6e74656e742f75706c6f6164732f323031322f30392f68746d6c352d706167652d7374727563747572652e706e67223e687474703a2f2f7777772e64657369676e736372697074696e672e636f6d2f77702d636f6e74656e742f75706c6f6164732f323031322f30392f68746d6c352d706167652d7374727563747572652e706e673c2f613e3c2f703e0d0a3c703e266e6273703b3c2f703e0d0a3c703e4c414c414c413c2f703e0d0a3c703e3c656d3e266e6273703b20266e6273703b266e6273703b3c2f656d3e3c2f703e, 1);

-- --------------------------------------------------------

--
-- Table structure for table `exercises`
--

CREATE TABLE `exercises` (
  `id` int(3) NOT NULL,
  `course_id` int(3) NOT NULL,
  `description` blob NOT NULL,
  `status` int(2) NOT NULL
) ENGINE=InnoDB AUTO_INCREMENT=17 DEFAULT CHARSET=utf8;

--
-- Dumping data for table `exercises`
--

INSERT INTO `exercises` (`id`, `course_id`, `description`, `status`) VALUES
(9, 3, 0x266c743b702667743b266c743b7370616e207374796c653d2671756f743b666f6e742d7765696768743a203430303b2671756f743b2667743b4f75746c696e65266c743b2f7370616e2667743b266c743b7370616e207374796c653d2671756f743b666f6e742d7765696768743a203430303b2671756f743b2667743b266c743b6272202f2667743b266c743b2f7370616e2667743b266c743b6120687265663d2671756f743b687474703a2f2f616e6762726f776e2e636f6d2f696d616765732f6262736974652f4242736974652d776972656672616d652e6769662671756f743b2667743b266c743b7370616e207374796c653d2671756f743b666f6e742d7765696768743a203430303b2671756f743b2667743b687474703a2f2f616e6762726f776e2e636f6d2f696d616765732f6262736974652f4242736974652d776972656672616d652e676966266c743b2f7370616e2667743b266c743b2f612667743b266c743b2f702667743b, 1),
(10, 3, 0x266c743b702667743b266c743b7370616e207374796c653d2671756f743b666f6e742d7765696768743a203430303b2671756f743b2667743b5461626c6573266c743b2f7370616e2667743b266c743b7370616e207374796c653d2671756f743b666f6e742d7765696768743a203430303b2671756f743b2667743b266c743b6272202f2667743b266c743b2f7370616e2667743b266c743b6120687265663d2671756f743b687474703a2f2f7777772e636f646570726f6a6563742e636f6d2f4b422f736372697074696e672f4a51756572792d446174615461626c65732f657870616e6461626c65446174615461626c65732d7461626c652e706e672671756f743b2667743b266c743b7370616e207374796c653d2671756f743b666f6e742d7765696768743a203430303b2671756f743b2667743b687474703a2f2f7777772e636f646570726f6a6563742e636f6d2f4b422f736372697074696e672f4a51756572792d446174615461626c65732f657870616e6461626c65446174615461626c65732d7461626c652e706e67266c743b2f7370616e2667743b266c743b7370616e207374796c653d2671756f743b666f6e742d7765696768743a203430303b2671756f743b2667743b266c743b6272202f2667743b266c743b2f7370616e2667743b266c743b2f612667743b266c743b6120687265663d2671756f743b687474703a2f2f7777772e6d72696e697469616c6d616e2e636f6d2f4c6962726172792f48544d4c2f50696374757265732f48544d4c2d5461626c65732f6578616d706c655f636f6d706c65785f7461626c655f7374796c65642e6a70672671756f743b2667743b266c743b7370616e207374796c653d2671756f743b666f6e742d7765696768743a203430303b2671756f743b2667743b687474703a2f2f7777772e6d72696e697469616c6d616e2e636f6d2f4c6962726172792f48544d4c2f50696374757265732f48544d4c2d5461626c65732f6578616d706c655f636f6d706c65785f7461626c655f7374796c65642e6a7067266c743b2f7370616e2667743b266c743b2f612667743b266c743b2f702667743b, 1),
(11, 3, 0x266c743b702667743b266c743b7370616e207374796c653d2671756f743b666f6e742d7765696768743a203430303b2671756f743b2667743b466f726d73266c743b2f7370616e2667743b266c743b7370616e207374796c653d2671756f743b666f6e742d7765696768743a203430303b2671756f743b2667743b266c743b6272202f2667743b266c743b2f7370616e2667743b266c743b6120687265663d2671756f743b687474703a2f2f7465726d6c696665696e737572616e63656d616c65732e636f6d2f77702d636f6e74656e742f75706c6f6164732f323031312f30392f4765742d467265652d4c6966652d496e737572616e63652d51756f746573322e6a70672671756f743b2667743b266c743b7370616e207374796c653d2671756f743b666f6e742d7765696768743a203430303b2671756f743b2667743b687474703a2f2f7465726d6c696665696e737572616e63656d616c65732e636f6d2f77702d636f6e74656e742f75706c6f6164732f323031312f30392f4765742d467265652d4c6966652d496e737572616e63652d51756f746573322e6a7067266c743b2f7370616e2667743b266c743b7370616e207374796c653d2671756f743b666f6e742d7765696768743a203430303b2671756f743b2667743b266c743b6272202f2667743b266c743b2f7370616e2667743b266c743b2f612667743b266c743b6120687265663d2671756f743b687474703a2f2f626c6f672e6d676d2d74702e636f6d2f77702d636f6e74656e742f75706c6f6164732f323031302f30392f53616d706c652d58466f726d732e706e672671756f743b2667743b266c743b7370616e207374796c653d2671756f743b666f6e742d7765696768743a203430303b2671756f743b2667743b687474703a2f2f626c6f672e6d676d2d74702e636f6d2f77702d636f6e74656e742f75706c6f6164732f323031302f30392f53616d706c652d58466f726d732e706e67266c743b2f7370616e2667743b266c743b2f612667743b266c743b2f702667743b, 1),
(12, 18, 0x266c743b702667743b266c743b7370616e207374796c653d2671756f743b666f6e742d7765696768743a203430303b2671756f743b2667743b54656d6120313a266c743b2f7370616e2667743b266c743b2f702667743b0d0a266c743b702667743b266c743b7370616e207374796c653d2671756f743b666f6e742d7765696768743a203430303b2671756f743b2667743b476172616a266c743b2f7370616e2667743b266c743b2f702667743b0d0a266c743b756c2667743b0d0a266c743b6c69207374796c653d2671756f743b666f6e742d7765696768743a203430303b2671756f743b2667743b266c743b7370616e207374796c653d2671756f743b666f6e742d7765696768743a203430303b2671756f743b2667743b7061726368657a206f206d6173696e61266c743b2f7370616e2667743b266c743b2f6c692667743b0d0a266c743b6c69207374796c653d2671756f743b666f6e742d7765696768743a203430303b2671756f743b2667743b266c743b7370616e207374796c653d2671756f743b666f6e742d7765696768743a203430303b2671756f743b2667743b73636f74206f206d6173696e61266c743b2f7370616e2667743b266c743b2f6c692667743b0d0a266c743b6c69207374796c653d2671756f743b666f6e742d7765696768743a203430303b2671756f743b2667743b266c743b7370616e207374796c653d2671756f743b666f6e742d7765696768743a203430303b2671756f743b2667743b6c6f636b266c743b2f7370616e2667743b266c743b2f6c692667743b0d0a266c743b6c69207374796c653d2671756f743b666f6e742d7765696768743a203430303b2671756f743b2667743b266c743b7370616e207374796c653d2671756f743b666f6e742d7765696768743a203430303b2671756f743b2667743b756e6c6f636b266c743b2f7370616e2667743b266c743b2f6c692667743b0d0a266c743b6c69207374796c653d2671756f743b666f6e742d7765696768743a203430303b2671756f743b2667743b266c743b7370616e207374796c653d2671756f743b666f6e742d7765696768743a203430303b2671756f743b2667743b696e76656e7461722063726f6e6f6c6f67696320287061726361742c2073636f732c206c6f636b2c20756e6c6f636b2c2063756c6f617265206d6173696e6129266c743b2f7370616e2667743b266c743b2f6c692667743b0d0a266c743b6c69207374796c653d2671756f743b666f6e742d7765696768743a203430303b2671756f743b2667743b266c743b7370616e207374796c653d2671756f743b666f6e742d7765696768743a203430303b2671756f743b2667743b6d6173696e696c652070617263617465266c743b2f7370616e2667743b266c743b2f6c692667743b0d0a266c743b2f756c2667743b0d0a266c743b702667743b26616d703b6e6273703b266c743b2f702667743b0d0a266c743b702667743b266c743b7370616e207374796c653d2671756f743b666f6e742d7765696768743a203430303b2671756f743b2667743b696e7465726661636520476172616a207b266c743b2f7370616e2667743b266c743b2f702667743b0d0a266c743b702667743b266c743b7370616e207374796c653d2671756f743b666f6e742d7765696768743a203430303b2671756f743b2667743b26616d703b6e6273703b26616d703b6e6273703b26616d703b6e6273703b20266c743b2f7370616e2667743b266c743b7370616e207374796c653d2671756f743b666f6e742d7765696768743a203430303b2671756f743b2667743b766f6964207061726b28293b266c743b2f7370616e2667743b266c743b2f702667743b0d0a266c743b702667743b266c743b7370616e207374796c653d2671756f743b666f6e742d7765696768743a203430303b2671756f743b2667743b26616d703b6e6273703b26616d703b6e6273703b26616d703b6e6273703b20266c743b2f7370616e2667743b266c743b7370616e207374796c653d2671756f743b666f6e742d7765696768743a203430303b2671756f743b2667743b766f6964207069636b757028293b266c743b2f7370616e2667743b266c743b2f702667743b0d0a266c743b702667743b266c743b7370616e207374796c653d2671756f743b666f6e742d7765696768743a203430303b2671756f743b2667743b26616d703b6e6273703b26616d703b6e6273703b26616d703b6e6273703b20266c743b2f7370616e2667743b266c743b7370616e207374796c653d2671756f743b666f6e742d7765696768743a203430303b2671756f743b2667743b26616d703b68656c6c69703b266c743b2f7370616e2667743b266c743b2f702667743b0d0a266c743b702667743b266c743b7370616e207374796c653d2671756f743b666f6e742d7765696768743a203430303b2671756f743b2667743b26616d703b6e6273703b26616d703b6e6273703b26616d703b6e6273703b20266c743b2f7370616e2667743b266c743b7370616e207374796c653d2671756f743b666f6e742d7765696768743a203430303b2671756f743b2667743b686973746f72792829207b266c743b2f7370616e2667743b266c743b2f702667743b0d0a266c743b702667743b266c743b7370616e207374796c653d2671756f743b666f6e742d7765696768743a203430303b2671756f743b2667743b26616d703b6e6273703b26616d703b6e6273703b26616d703b6e6273703b20266c743b2f7370616e2667743b266c743b7370616e207374796c653d2671756f743b666f6e742d7765696768743a203430303b2671756f743b2667743b7d266c743b2f7370616e2667743b266c743b2f702667743b0d0a266c743b702667743b266c743b7370616e207374796c653d2671756f743b666f6e742d7765696768743a203430303b2671756f743b2667743b207d266c743b2f7370616e2667743b266c743b2f702667743b, 1),
(13, 18, 0x266c743b702667743b266c743b7370616e207374796c653d2671756f743b666f6e742d7765696768743a203430303b2671756f743b2667743b54656d6120323a266c743b2f7370616e2667743b266c743b2f702667743b0d0a266c743b702667743b26616d703b6e6273703b266c743b2f702667743b0d0a266c743b702667743b266c743b7370616e207374796c653d2671756f743b666f6e742d7765696768743a203430303b2671756f743b2667743b46696c65204d616e6970756c6174696f6e266c743b2f7370616e2667743b266c743b2f702667743b0d0a266c743b702667743b26616d703b6e6273703b266c743b2f702667743b0d0a266c743b756c2667743b0d0a266c743b6c69207374796c653d2671756f743b666f6e742d7765696768743a203430303b2671756f743b2667743b266c743b7370616e207374796c653d2671756f743b666f6e742d7765696768743a203430303b2671756f743b2667743b5061727365206120666f6c646572207265637572736976656c79266c743b2f7370616e2667743b266c743b2f6c692667743b0d0a266c743b6c69207374796c653d2671756f743b666f6e742d7765696768743a203430303b2671756f743b2667743b266c743b7370616e207374796c653d2671756f743b666f6e742d7765696768743a203430303b2671756f743b2667743b46696c746572206f75742066696c65732077697468202e657874656e73696f6e266c743b2f7370616e2667743b266c743b2f6c692667743b0d0a266c743b6c69207374796c653d2671756f743b666f6e742d7765696768743a203430303b2671756f743b2667743b266c743b7370616e207374796c653d2671756f743b666f6e742d7765696768743a203430303b2671756f743b2667743b46696c746572206f75742066696c65732077697468206e616d65207061747465726e2028726567657829202d2026616d703b6c6471756f3b616c66616e756d657269632d61666c616e756d657269632671756f743b266c743b2f7370616e2667743b266c743b2f6c692667743b0d0a266c743b6c69207374796c653d2671756f743b666f6e742d7765696768743a203430303b2671756f743b2667743b266c743b7370616e207374796c653d2671756f743b666f6e742d7765696768743a203430303b2671756f743b2667743b4d6f76652066696c657320696e20666f6c6465727320286d617820352066696c657329266c743b2f7370616e2667743b266c743b2f6c692667743b0d0a266c743b2f756c2667743b0d0a266c743b702667743b266c743b6272202f2667743b266c743b6272202f2667743b266c743b2f702667743b0d0a266c743b702667743b266c743b7370616e207374796c653d2671756f743b666f6e742d7765696768743a203430303b2671756f743b2667743b506172656e74466f6c646572266c743b2f7370616e2667743b266c743b2f702667743b0d0a266c743b702667743b266c743b7370616e207374796c653d2671756f743b666f6e742d7765696768743a203430303b2671756f743b2667743b26616d703b6e6273703b26616d703b6e6273703b26616d703b6e6273703b20266c743b2f7370616e2667743b266c743b7370616e207374796c653d2671756f743b666f6e742d7765696768743a203430303b2671756f743b2667743b4368696c64466f6c64657231266c743b2f7370616e2667743b266c743b2f702667743b0d0a266c743b702667743b266c743b7370616e207374796c653d2671756f743b666f6e742d7765696768743a203430303b2671756f743b2667743b26616d703b6e6273703b26616d703b6e6273703b26616d703b6e6273703b20266c743b2f7370616e2667743b266c743b7370616e207374796c653d2671756f743b666f6e742d7765696768743a203430303b2671756f743b2667743b26616d703b6e6273703b26616d703b6e6273703b26616d703b6e6273703b20266c743b2f7370616e2667743b266c743b7370616e207374796c653d2671756f743b666f6e742d7765696768743a203430303b2671756f743b2667743b46696c6531266c743b2f7370616e2667743b266c743b2f702667743b0d0a266c743b702667743b266c743b7370616e207374796c653d2671756f743b666f6e742d7765696768743a203430303b2671756f743b2667743b26616d703b6e6273703b26616d703b6e6273703b26616d703b6e6273703b20266c743b2f7370616e2667743b266c743b7370616e207374796c653d2671756f743b666f6e742d7765696768743a203430303b2671756f743b2667743b26616d703b6e6273703b26616d703b6e6273703b26616d703b6e6273703b20266c743b2f7370616e2667743b266c743b7370616e207374796c653d2671756f743b666f6e742d7765696768743a203430303b2671756f743b2667743b46696c6532266c743b2f7370616e2667743b266c743b2f702667743b0d0a266c743b702667743b266c743b7370616e207374796c653d2671756f743b666f6e742d7765696768743a203430303b2671756f743b2667743b26616d703b6e6273703b26616d703b6e6273703b26616d703b6e6273703b20266c743b2f7370616e2667743b266c743b7370616e207374796c653d2671756f743b666f6e742d7765696768743a203430303b2671756f743b2667743b26616d703b6e6273703b26616d703b6e6273703b26616d703b6e6273703b20266c743b2f7370616e2667743b266c743b7370616e207374796c653d2671756f743b666f6e742d7765696768743a203430303b2671756f743b2667743b46696c6533266c743b2f7370616e2667743b266c743b2f702667743b0d0a266c743b702667743b266c743b7370616e207374796c653d2671756f743b666f6e742d7765696768743a203430303b2671756f743b2667743b26616d703b6e6273703b26616d703b6e6273703b26616d703b6e6273703b20266c743b2f7370616e2667743b266c743b7370616e207374796c653d2671756f743b666f6e742d7765696768743a203430303b2671756f743b2667743b26616d703b6e6273703b26616d703b6e6273703b26616d703b6e6273703b20266c743b2f7370616e2667743b266c743b7370616e207374796c653d2671756f743b666f6e742d7765696768743a203430303b2671756f743b2667743b46696c6534266c743b2f7370616e2667743b266c743b2f702667743b0d0a266c743b702667743b266c743b7370616e207374796c653d2671756f743b666f6e742d7765696768743a203430303b2671756f743b2667743b26616d703b6e6273703b26616d703b6e6273703b26616d703b6e6273703b20266c743b2f7370616e2667743b266c743b7370616e207374796c653d2671756f743b666f6e742d7765696768743a203430303b2671756f743b2667743b26616d703b6e6273703b26616d703b6e6273703b26616d703b6e6273703b20266c743b2f7370616e2667743b266c743b7370616e207374796c653d2671756f743b666f6e742d7765696768743a203430303b2671756f743b2667743b46696c6535266c743b2f7370616e2667743b266c743b2f702667743b0d0a266c743b702667743b266c743b7370616e207374796c653d2671756f743b666f6e742d7765696768743a203430303b2671756f743b2667743b26616d703b6e6273703b26616d703b6e6273703b26616d703b6e6273703b20266c743b2f7370616e2667743b266c743b7370616e207374796c653d2671756f743b666f6e742d7765696768743a203430303b2671756f743b2667743b4368696c64466f6c64657231266c743b2f7370616e2667743b266c743b2f702667743b0d0a266c743b702667743b266c743b7370616e207374796c653d2671756f743b666f6e742d7765696768743a203430303b2671756f743b2667743b26616d703b6e6273703b26616d703b6e6273703b26616d703b6e6273703b20266c743b2f7370616e2667743b266c743b7370616e207374796c653d2671756f743b666f6e742d7765696768743a203430303b2671756f743b2667743b26616d703b6e6273703b26616d703b6e6273703b26616d703b6e6273703b20266c743b2f7370616e2667743b266c743b7370616e207374796c653d2671756f743b666f6e742d7765696768743a203430303b2671756f743b2667743b46696c6531266c743b2f7370616e2667743b266c743b2f702667743b0d0a266c743b702667743b266c743b7370616e207374796c653d2671756f743b666f6e742d7765696768743a203430303b2671756f743b2667743b26616d703b6e6273703b26616d703b6e6273703b26616d703b6e6273703b20266c743b2f7370616e2667743b266c743b7370616e207374796c653d2671756f743b666f6e742d7765696768743a203430303b2671756f743b2667743b26616d703b6e6273703b26616d703b6e6273703b26616d703b6e6273703b20266c743b2f7370616e2667743b266c743b7370616e207374796c653d2671756f743b666f6e742d7765696768743a203430303b2671756f743b2667743b46696c6532266c743b2f7370616e2667743b266c743b2f702667743b0d0a266c743b702667743b266c743b7370616e207374796c653d2671756f743b666f6e742d7765696768743a203430303b2671756f743b2667743b26616d703b6e6273703b26616d703b6e6273703b26616d703b6e6273703b20266c743b2f7370616e2667743b266c743b7370616e207374796c653d2671756f743b666f6e742d7765696768743a203430303b2671756f743b2667743b26616d703b6e6273703b26616d703b6e6273703b26616d703b6e6273703b20266c743b2f7370616e2667743b266c743b7370616e207374796c653d2671756f743b666f6e742d7765696768743a203430303b2671756f743b2667743b46696c6533266c743b2f7370616e2667743b266c743b2f702667743b0d0a266c743b702667743b266c743b7370616e207374796c653d2671756f743b666f6e742d7765696768743a203430303b2671756f743b2667743b26616d703b6e6273703b26616d703b6e6273703b26616d703b6e6273703b20266c743b2f7370616e2667743b266c743b7370616e207374796c653d2671756f743b666f6e742d7765696768743a203430303b2671756f743b2667743b26616d703b6e6273703b26616d703b6e6273703b26616d703b6e6273703b20266c743b2f7370616e2667743b266c743b7370616e207374796c653d2671756f743b666f6e742d7765696768743a203430303b2671756f743b2667743b46696c6534266c743b2f7370616e2667743b266c743b2f702667743b0d0a266c743b702667743b266c743b7370616e207374796c653d2671756f743b666f6e742d7765696768743a203430303b2671756f743b2667743b26616d703b6e6273703b26616d703b6e6273703b26616d703b6e6273703b20266c743b2f7370616e2667743b266c743b7370616e207374796c653d2671756f743b666f6e742d7765696768743a203430303b2671756f743b2667743b26616d703b6e6273703b26616d703b6e6273703b26616d703b6e6273703b20266c743b2f7370616e2667743b266c743b7370616e207374796c653d2671756f743b666f6e742d7765696768743a203430303b2671756f743b2667743b46696c6535266c743b2f7370616e2667743b266c743b2f702667743b0d0a266c743b702667743b266c743b7370616e207374796c653d2671756f743b666f6e742d7765696768743a203430303b2671756f743b2667743b26616d703b6e6273703b26616d703b6e6273703b26616d703b6e6273703b20266c743b2f7370616e2667743b266c743b7370616e207374796c653d2671756f743b666f6e742d7765696768743a203430303b2671756f743b2667743b2e2e2e266c743b2f7370616e2667743b266c743b2f702667743b, 1),
(14, 1, 0x266c743b702667743b74657374266c743b2f702667743b, 0),
(15, 22, 0x266c743b6f6c2667743b0d0a266c743b6f6c2667743b0d0a266c743b6c69207374796c653d2671756f743b666f6e742d7765696768743a203430303b2671756f743b2667743b266c743b7370616e207374796c653d2671756f743b666f6e742d7765696768743a203430303b2671756f743b2667743b4f75746c696e65266c743b2f7370616e2667743b266c743b7370616e207374796c653d2671756f743b666f6e742d7765696768743a203430303b2671756f743b2667743b266c743b6272202f2667743b266c743b2f7370616e2667743b266c743b6120687265663d2671756f743b687474703a2f2f616e6762726f776e2e636f6d2f696d616765732f6262736974652f4242736974652d776972656672616d652e6769662671756f743b2667743b266c743b7370616e207374796c653d2671756f743b666f6e742d7765696768743a203430303b2671756f743b2667743b687474703a2f2f616e6762726f776e2e636f6d2f696d616765732f6262736974652f4242736974652d776972656672616d652e676966266c743b2f7370616e2667743b266c743b2f612667743b20266c743b7370616e207374796c653d2671756f743b666f6e742d7765696768743a203430303b2671756f743b2667743b266c743b6272202f2667743b266c743b2f7370616e2667743b266c743b7370616e207374796c653d2671756f743b666f6e742d7765696768743a203430303b2671756f743b2667743b266c743b6272202f2667743b266c743b2f7370616e2667743b266c743b2f6c692667743b0d0a266c743b6c69207374796c653d2671756f743b666f6e742d7765696768743a203430303b2671756f743b2667743b266c743b7370616e207374796c653d2671756f743b666f6e742d7765696768743a203430303b2671756f743b2667743b5461626c6573266c743b2f7370616e2667743b266c743b7370616e207374796c653d2671756f743b666f6e742d7765696768743a203430303b2671756f743b2667743b266c743b6272202f2667743b266c743b2f7370616e2667743b266c743b6120687265663d2671756f743b687474703a2f2f7777772e636f646570726f6a6563742e636f6d2f4b422f736372697074696e672f4a51756572792d446174615461626c65732f657870616e6461626c65446174615461626c65732d7461626c652e706e672671756f743b2667743b266c743b7370616e207374796c653d2671756f743b666f6e742d7765696768743a203430303b2671756f743b2667743b687474703a2f2f7777772e636f646570726f6a6563742e636f6d2f4b422f736372697074696e672f4a51756572792d446174615461626c65732f657870616e6461626c65446174615461626c65732d7461626c652e706e67266c743b2f7370616e2667743b266c743b7370616e207374796c653d2671756f743b666f6e742d7765696768743a203430303b2671756f743b2667743b266c743b6272202f2667743b266c743b2f7370616e2667743b266c743b2f612667743b266c743b7370616e207374796c653d2671756f743b666f6e742d7765696768743a203430303b2671756f743b2667743b266c743b6120687265663d2671756f743b687474703a2f2f7777772e6d72696e697469616c6d616e2e636f6d2f4c6962726172792f48544d4c2f50696374757265732f48544d4c2d5461626c65732f6578616d706c655f636f6d706c65785f7461626c655f7374796c65642e6a70672671756f743b2667743b687474703a2f2f7777772e6d72696e697469616c6d616e2e636f6d2f4c6962726172792f48544d4c2f50696374757265732f48544d4c2d5461626c65732f6578616d706c655f636f6d706c65785f7461626c655f7374796c65642e6a7067266c743b2f612667743b266c743b2f7370616e2667743b266c743b2f6c692667743b0d0a266c743b6c69207374796c653d2671756f743b666f6e742d7765696768743a203430303b2671756f743b2667743b466f726d73266c743b2f6c692667743b0d0a266c743b2f6f6c2667743b0d0a266c743b2f6f6c2667743b0d0a266c743b702667743b266c743b6120687265663d2671756f743b687474703a2f2f7465726d6c696665696e737572616e63656d616c65732e636f6d2f77702d636f6e74656e742f75706c6f6164732f323031312f30392f4765742d467265652d4c6966652d496e737572616e63652d51756f746573322e6a70672671756f743b2667743b266c743b7370616e207374796c653d2671756f743b666f6e742d7765696768743a203430303b2671756f743b2667743b687474703a2f2f7465726d6c696665696e737572616e63656d616c65732e636f6d2f77702d636f6e74656e742f75706c6f6164732f323031312f30392f4765742d467265652d4c6966652d496e737572616e63652d51756f746573322e6a7067266c743b2f7370616e2667743b266c743b7370616e207374796c653d2671756f743b666f6e742d7765696768743a203430303b2671756f743b2667743b266c743b6272202f2667743b266c743b2f7370616e2667743b266c743b2f612667743b266c743b6120687265663d2671756f743b687474703a2f2f626c6f672e6d676d2d74702e636f6d2f77702d636f6e74656e742f75706c6f6164732f323031302f30392f53616d706c652d58466f726d732e706e672671756f743b2667743b266c743b7370616e207374796c653d2671756f743b666f6e742d7765696768743a203430303b2671756f743b2667743b687474703a2f2f626c6f672e6d676d2d74702e636f6d2f77702d636f6e74656e742f75706c6f6164732f323031302f30392f53616d706c652d58466f726d732e706e67266c743b2f7370616e2667743b266c743b2f612667743b266c743b2f702667743b, 0),
(16, 22, 0x266c743b702667743b646464266c743b2f702667743b, 0);

-- --------------------------------------------------------

--
-- Table structure for table `presentors`
--

CREATE TABLE `presentors` (
  `id` int(3) NOT NULL,
  `course_id` int(3) NOT NULL,
  `presentor_id` int(3) unsigned NOT NULL
) ENGINE=InnoDB AUTO_INCREMENT=57 DEFAULT CHARSET=utf8;

--
-- Dumping data for table `presentors`
--

INSERT INTO `presentors` (`id`, `course_id`, `presentor_id`) VALUES
(33, 22, 1),
(34, 22, 1),
(39, 23, 1),
(40, 23, 1),
(41, 24, 18),
(42, 25, 18),
(43, 26, 18),
(45, 27, 1),
(52, 28, 1),
(55, 29, 1),
(56, 29, 1);

-- --------------------------------------------------------

--
-- Table structure for table `submitted_exercises`
--

CREATE TABLE `submitted_exercises` (
  `id` int(3) NOT NULL,
  `exercise_id` int(3) NOT NULL,
  `user_id` int(3) unsigned NOT NULL,
  `description` blob NOT NULL,
  `status` int(2) NOT NULL
) ENGINE=InnoDB DEFAULT CHARSET=utf8;

-- --------------------------------------------------------

--
-- Table structure for table `users`
--

CREATE TABLE `users` (
  `id` int(3) unsigned NOT NULL,
  `first_name` varchar(20) NOT NULL,
  `last_name` varchar(20) NOT NULL,
  `username` varchar(20) NOT NULL,
  `email` varchar(60) NOT NULL,
  `password` varchar(32) NOT NULL,
  `user_role` int(1) NOT NULL,
  `profile_image` varchar(40) DEFAULT NULL,
  `session_id` varchar(40) DEFAULT NULL,
  `status` int(1) NOT NULL,
  `reset_password` char(64) DEFAULT NULL,
  `deletion_link_time` timestamp NULL DEFAULT NULL
) ENGINE=InnoDB AUTO_INCREMENT=26 DEFAULT CHARSET=utf8;

--
-- Dumping data for table `users`
--

INSERT INTO `users` (`id`, `first_name`, `last_name`, `username`, `email`, `password`, `user_role`, `profile_image`, `session_id`, `status`, `reset_password`, `deletion_link_time`) VALUES
(1, 'admin', 'admin', 'admin', 'admin@admin.com', '21232f297a57a5a743894a0e4a801fc3', 1, NULL, NULL, 1, NULL, NULL),
(13, 'Kristine', 'Varga', 'vkristine', 'v.kristine.c@gmail.com', '5f1c263ead9c8b960eefc0b5a9973f78', 3, '21232f297a57a5a743894a0e4a801fc3.png', NULL, 1, NULL, NULL),
(14, 'Alex', 'Ungureanu', 'ualex', 'ungureanualex17@yahoo.com', '5f1c263ead9c8b960eefc0b5a9973f78', 3, '21232f297a57a5a743894a0e4a801fc3.png', NULL, 1, NULL, NULL),
(15, 'Andreea', 'Cristescu', 'candreea', 'andreea_laura_cristescu@yahoo.com', '5f1c263ead9c8b960eefc0b5a9973f78', 3, '21232f297a57a5a743894a0e4a801fc3.png', NULL, 1, NULL, NULL),
(16, 'Andrei', 'Csiki', 'candrei', 'andrei.g.csiki@gmail.com', '5f1c263ead9c8b960eefc0b5a9973f78', 3, '21232f297a57a5a743894a0e4a801fc3.png', NULL, 1, NULL, NULL),
(17, 'Andrei', 'Pfeiffer', 'pandrei', 'andrei.pfeiffer@e-spres-oh.com', 'e478b124e04049149dbcc58c81ef3ec3', 2, '21232f297a57a5a743894a0e4a801fc3.png', '3ca5ffde76b1478b0fe00e63e6038f0f', 1, NULL, NULL),
(18, 'Cristi', 'Sitov', 'scristi', 'cristian.sitov@e-spres-oh.com', 'e478b124e04049149dbcc58c81ef3ec3', 2, '21232f297a57a5a743894a0e4a801fc3.png', NULL, 1, NULL, NULL),
(19, 'Razvan', 'Stan', 'srazvan', 'razvan.stan@e-spres-oh.com', 'e478b124e04049149dbcc58c81ef3ec3', 2, '21232f297a57a5a743894a0e4a801fc3.png', NULL, 1, NULL, NULL),
(20, 'Bogdan', 'Dinga', 'dbogdan', 'bogdan.dinga@e-spres-oh.com', 'e478b124e04049149dbcc58c81ef3ec3', 2, '21232f297a57a5a743894a0e4a801fc3.png', NULL, 1, NULL, NULL),
(21, 'Claudiu', 'Vintila', 'vclaudiu', 'claudiu.vintila@e-spres-oh.com', 'e478b124e04049149dbcc58c81ef3ec3', 2, '21232f297a57a5a743894a0e4a801fc3.png', NULL, 1, NULL, NULL),
(22, 'Sorin', 'Pintea', 'psorin', 'sorin.pintea@e-spres-oh.com', 'e478b124e04049149dbcc58c81ef3ec3', 2, '21232f297a57a5a743894a0e4a801fc3.png', NULL, 1, NULL, NULL),
(23, 'Alecs', 'Popa', 'palecs', 'alecs.popa@e-spres-oh.com', 'e478b124e04049149dbcc58c81ef3ec3', 2, '21232f297a57a5a743894a0e4a801fc3.png', NULL, 1, NULL, NULL),
(24, 'Andrei', 'Laza', 'landrei', 'andrei.laza@e-spres-oh.com', 'e478b124e04049149dbcc58c81ef3ec3', 2, '21232f297a57a5a743894a0e4a801fc3.png', NULL, 1, NULL, NULL),
(25, 'Ciprian', 'Zaharie', 'zciprian', 'ciprian.zaharie@e-spres-oh.com', 'e478b124e04049149dbcc58c81ef3ec3', 2, '21232f297a57a5a743894a0e4a801fc3.png', NULL, 1, NULL, NULL);

-- --------------------------------------------------------

--
-- Table structure for table `users_privileges`
--

CREATE TABLE `users_privileges` (
  `privilege_id` int(3) NOT NULL,
  `privilege_no` int(1) NOT NULL,
  `privilege_name` varchar(20) NOT NULL
) ENGINE=InnoDB AUTO_INCREMENT=4 DEFAULT CHARSET=utf8;

--
-- Dumping data for table `users_privileges`
--

INSERT INTO `users_privileges` (`privilege_id`, `privilege_no`, `privilege_name`) VALUES
(1, 1, 'Admin'),
(2, 2, 'Mentor'),
(3, 3, 'Intern');

--
-- Indexes for dumped tables
--

--
-- Indexes for table `courses`
--
ALTER TABLE `courses`
  ADD PRIMARY KEY (`id`);

--
-- Indexes for table `exercises`
--
ALTER TABLE `exercises`
  ADD PRIMARY KEY (`id`),
  ADD KEY `course_id` (`course_id`);

--
-- Indexes for table `presentors`
--
ALTER TABLE `presentors`
  ADD PRIMARY KEY (`id`),
  ADD KEY `course_id` (`course_id`),
  ADD KEY `presentor_id` (`presentor_id`),
  ADD KEY `presentor_id_2` (`presentor_id`);

--
-- Indexes for table `submitted_exercises`
--
ALTER TABLE `submitted_exercises`
  ADD PRIMARY KEY (`id`),
  ADD KEY `exercise_id` (`exercise_id`),
  ADD KEY `user_id` (`user_id`);

--
-- Indexes for table `users`
--
ALTER TABLE `users`
  ADD PRIMARY KEY (`id`),
  ADD KEY `username` (`username`),
  ADD KEY `email` (`email`),
  ADD KEY `user_privilege` (`user_role`),
  ADD KEY `resetPassword` (`reset_password`),
  ADD KEY `session_id` (`session_id`);

--
-- Indexes for table `users_privileges`
--
ALTER TABLE `users_privileges`
  ADD PRIMARY KEY (`privilege_id`);

--
-- AUTO_INCREMENT for dumped tables
--

--
-- AUTO_INCREMENT for table `courses`
--
ALTER TABLE `courses`
  MODIFY `id` int(3) NOT NULL AUTO_INCREMENT,AUTO_INCREMENT=30;
--
-- AUTO_INCREMENT for table `exercises`
--
ALTER TABLE `exercises`
  MODIFY `id` int(3) NOT NULL AUTO_INCREMENT,AUTO_INCREMENT=17;
--
-- AUTO_INCREMENT for table `presentors`
--
ALTER TABLE `presentors`
  MODIFY `id` int(3) NOT NULL AUTO_INCREMENT,AUTO_INCREMENT=57;
--
-- AUTO_INCREMENT for table `submitted_exercises`
--
ALTER TABLE `submitted_exercises`
  MODIFY `id` int(3) NOT NULL AUTO_INCREMENT;
--
-- AUTO_INCREMENT for table `users`
--
ALTER TABLE `users`
  MODIFY `id` int(3) unsigned NOT NULL AUTO_INCREMENT,AUTO_INCREMENT=26;
--
-- AUTO_INCREMENT for table `users_privileges`
--
ALTER TABLE `users_privileges`
  MODIFY `privilege_id` int(3) NOT NULL AUTO_INCREMENT,AUTO_INCREMENT=4;
--
-- Constraints for dumped tables
--

--
-- Constraints for table `exercises`
--
ALTER TABLE `exercises`
  ADD CONSTRAINT `exercise_course_id_FK` FOREIGN KEY (`course_id`) REFERENCES `courses` (`id`);

--
-- Constraints for table `presentors`
--
ALTER TABLE `presentors`
  ADD CONSTRAINT `course_id_FK` FOREIGN KEY (`course_id`) REFERENCES `courses` (`id`),
  ADD CONSTRAINT `presentor_id_FK` FOREIGN KEY (`presentor_id`) REFERENCES `users` (`id`);

--
-- Constraints for table `submitted_exercises`
--
ALTER TABLE `submitted_exercises`
  ADD CONSTRAINT `exercise_id_FK` FOREIGN KEY (`exercise_id`) REFERENCES `exercises` (`id`),
  ADD CONSTRAINT `user_id_FK` FOREIGN KEY (`user_id`) REFERENCES `users` (`id`);

--
-- Constraints for table `users`
--
ALTER TABLE `users`
  ADD CONSTRAINT `user_privilege_FK` FOREIGN KEY (`user_role`) REFERENCES `users_privileges` (`privilege_id`);

/*!40101 SET CHARACTER_SET_CLIENT=@OLD_CHARACTER_SET_CLIENT */;
/*!40101 SET CHARACTER_SET_RESULTS=@OLD_CHARACTER_SET_RESULTS */;
/*!40101 SET COLLATION_CONNECTION=@OLD_COLLATION_CONNECTION */;
